English_City,Arabic_City,Date,Number of Transactions,Value of Transactions,location_latitude,location_longitude
HAIL,حائل,2021-01-23,1236,115711.0,27.828949899999998,40.81830649689581
HAIL,حائل,2022-04-09,2017,154375.0,27.828949899999998,40.81830649689581
HAIL,حائل,2022-02-19,2092,136554.0,27.828949899999998,40.81830649689581
HAIL,حائل,2022-04-02,2981,246134.0,27.828949899999998,40.81830649689581
HAIL,حائل,2020-12-12,1353,129532.0,27.828949899999998,40.81830649689581
HAIL,حائل,2021-04-03,1934,201039.0,27.828949899999998,40.81830649689581
HAIL,حائل,2021-07-10,1939,154118.0,27.828949899999998,40.81830649689581
HAIL,حائل,2021-02-13,1429,128446.0,27.828949899999998,40.81830649689581
HAIL,حائل,2021-08-21,1718,123519.0,27.828949899999998,40.81830649689581
HAIL,حائل,2021-08-07,1945,144606.0,27.828949899999998,40.81830649689581
HAIL,حائل,2021-10-16,2094,144222.0,27.828949899999998,40.81830649689581
HAIL,حائل,2020-08-15,1098,107744.0,27.828949899999998,40.81830649689581
HAIL,حائل,2021-11-13,2158,159556.0,27.828949899999998,40.81830649689581
HAIL,حائل,2020-11-07,1352,129315.0,27.828949899999998,40.81830649689581
HAIL,حائل,2021-09-25,1927,139858.0,27.828949899999998,40.81830649689581
HAIL,حائل,2020-10-31,1491,160602.0,27.828949899999998,40.81830649689581
HAIL,حائل,2020-07-04,1242,190327.0,27.828949899999998,40.81830649689581
HAIL,حائل,2021-01-02,1765,185617.0,27.828949899999998,40.81830649689581
HAIL,حائل,2021-06-19,1711,135462.0,27.828949899999998,40.81830649689581
HAIL,حائل,2021-05-29,1842,160677.0,27.828949899999998,40.81830649689581
HAIL,حائل,2020-09-26,1186,121208.0,27.828949899999998,40.81830649689581
HAIL,حائل,2020-12-26,1265,118955.0,27.828949899999998,40.81830649689581
HAIL,حائل,2022-02-12,2220,151732.0,27.828949899999998,40.81830649689581
HAIL,حائل,2021-01-16,1470,132196.0,27.828949899999998,40.81830649689581
HAIL,حائل,2020-09-12,1197,116650.0,27.828949899999998,40.81830649689581
HAIL,حائل,2021-05-01,1796,189689.0,27.828949899999998,40.81830649689581
HAIL,حائل,2022-01-01,2517,204936.0,27.828949899999998,40.81830649689581
HAIL,حائل,2022-03-05,2703,206348.0,27.828949899999998,40.81830649689581
HAIL,حائل,2021-09-04,2090,162690.0,27.828949899999998,40.81830649689581
HAIL,حائل,2020-10-24,1177,111259.0,27.828949899999998,40.81830649689581
HAIL,حائل,2021-12-11,2233,167284.0,27.828949899999998,40.81830649689581
HAIL,حائل,2021-03-20,1599,144263.0,27.828949899999998,40.81830649689581
HAIL,حائل,2021-04-17,1485,138107.0,27.828949899999998,40.81830649689581
HAIL,حائل,2022-01-22,1902,137100.0,27.828949899999998,40.81830649689581
HAIL,حائل,2021-02-06,1502,138197.0,27.828949899999998,40.81830649689581
HAIL,حائل,2022-03-26,2260,168227.0,27.828949899999998,40.81830649689581
HAIL,حائل,2022-01-15,2183,150953.0,27.828949899999998,40.81830649689581
HAIL,حائل,2021-10-23,1845,130201.0,27.828949899999998,40.81830649689581
HAIL,حائل,2021-12-18,2007,140507.0,27.828949899999998,40.81830649689581
HAIL,حائل,2021-10-09,2109,153335.0,27.828949899999998,40.81830649689581
HAIL,حائل,2021-11-06,2221,165370.0,27.828949899999998,40.81830649689581
HAIL,حائل,2020-11-28,1450,154647.0,27.828949899999998,40.81830649689581
HAIL,حائل,2021-10-02,2310,192385.0,27.828949899999998,40.81830649689581
HAIL,حائل,2021-08-28,2096,170800.0,27.828949899999998,40.81830649689581
HAIL,حائل,2020-06-13,946,134782.0,27.828949899999998,40.81830649689581
HAIL,حائل,2020-09-19,1132,109089.0,27.828949899999998,40.81830649689581
HAIL,حائل,2021-06-26,1707,136240.0,27.828949899999998,40.81830649689581
HAIL,حائل,2021-02-20,1361,123649.0,27.828949899999998,40.81830649689581
HAIL,حائل,2021-06-12,1858,148881.0,27.828949899999998,40.81830649689581
HAIL,حائل,2020-07-18,1056,111577.0,27.828949899999998,40.81830649689581
HAIL,حائل,2022-03-19,2202,163172.0,27.828949899999998,40.81830649689581
HAIL,حائل,2022-01-29,2334,180604.0,27.828949899999998,40.81830649689581
HAIL,حائل,2020-11-21,1270,121577.0,27.828949899999998,40.81830649689581
HAIL,حائل,2021-01-30,1590,160719.0,27.828949899999998,40.81830649689581
HAIL,حائل,2022-02-05,2360,174168.0,27.828949899999998,40.81830649689581
HAIL,حائل,2021-06-05,1916,159940.0,27.828949899999998,40.81830649689581
HAIL,حائل,2020-11-14,1365,124862.0,27.828949899999998,40.81830649689581
HAIL,حائل,2021-04-10,1716,161952.0,27.828949899999998,40.81830649689581
HAIL,حائل,2020-07-25,1100,119842.0,27.828949899999998,40.81830649689581
HAIL,حائل,2021-12-25,1843,132890.0,27.828949899999998,40.81830649689581
HAIL,حائل,2021-12-04,2461,203621.0,27.828949899999998,40.81830649689581
HAIL,حائل,2021-05-22,1540,119323.0,27.828949899999998,40.81830649689581
HAIL,حائل,2020-06-06,986,142696.0,27.828949899999998,40.81830649689581
HAIL,حائل,2021-05-15,1793,148488.0,27.828949899999998,40.81830649689581
HAIL,حائل,2021-04-24,1310,122359.0,27.828949899999998,40.81830649689581
HAIL,حائل,2021-07-31,2154,174178.0,27.828949899999998,40.81830649689581
HAIL,حائل,2020-10-10,1248,118234.0,27.828949899999998,40.81830649689581
HAIL,حائل,2020-09-05,1265,134578.0,27.828949899999998,40.81830649689581
HAIL,حائل,2022-02-26,2141,145465.0,27.828949899999998,40.81830649689581
HAIL,حائل,2020-10-03,1401,151906.0,27.828949899999998,40.81830649689581
HAIL,حائل,2020-08-29,1198,135962.0,27.828949899999998,40.81830649689581
HAIL,حائل,2021-07-03,2188,190614.0,27.828949899999998,40.81830649689581
HAIL,حائل,2021-07-24,1685,110119.0,27.828949899999998,40.81830649689581
HAIL,حائل,2020-12-05,1479,150161.0,27.828949899999998,40.81830649689581
HAIL,حائل,2020-08-01,1463,161721.0,27.828949899999998,40.81830649689581
HAIL,حائل,2022-03-12,2493,176713.0,27.828949899999998,40.81830649689581
HAIL,حائل,2021-03-13,1660,148016.0,27.828949899999998,40.81830649689581
HAIL,حائل,2020-06-27,1013,157756.0,27.828949899999998,40.81830649689581
HAIL,حائل,2022-01-08,2258,168093.0,27.828949899999998,40.81830649689581
HAIL,حائل,2021-08-14,1911,139493.0,27.828949899999998,40.81830649689581
HAIL,حائل,2020-12-19,1292,120772.0,27.828949899999998,40.81830649689581
HAIL,حائل,2021-03-06,1780,178798.0,27.828949899999998,40.81830649689581
HAIL,حائل,2021-09-11,2072,150306.0,27.828949899999998,40.81830649689581
HAIL,حائل,2020-06-20,897,129593.0,27.828949899999998,40.81830649689581
HAIL,حائل,2021-10-30,2357,184265.0,27.828949899999998,40.81830649689581
HAIL,حائل,2020-10-17,1225,113671.0,27.828949899999998,40.81830649689581
HAIL,حائل,2021-11-27,1988,152372.0,27.828949899999998,40.81830649689581
HAIL,حائل,2021-03-27,1556,145770.0,27.828949899999998,40.81830649689581
HAIL,حائل,2020-08-08,1091,101603.0,27.828949899999998,40.81830649689581
HAIL,حائل,2021-01-09,1461,135543.0,27.828949899999998,40.81830649689581
HAIL,حائل,2021-02-27,1306,121279.0,27.828949899999998,40.81830649689581
HAIL,حائل,2020-07-11,1117,117522.0,27.828949899999998,40.81830649689581
HAIL,حائل,2021-11-20,1912,136034.0,27.828949899999998,40.81830649689581
ABHA,أبها,2021-01-23,1019,91594.0,18.2164282,42.5043596
ABHA,أبها,2022-04-09,1646,117782.0,18.2164282,42.5043596
ABHA,أبها,2022-02-19,1902,116340.0,18.2164282,42.5043596
ABHA,أبها,2022-04-02,2385,190728.0,18.2164282,42.5043596
ABHA,أبها,2020-12-12,1124,103142.0,18.2164282,42.5043596
ABHA,أبها,2021-04-03,1567,160429.0,18.2164282,42.5043596
ABHA,أبها,2021-07-10,2262,186969.0,18.2164282,42.5043596
ABHA,أبها,2021-02-13,1108,94614.0,18.2164282,42.5043596
ABHA,أبها,2021-08-21,1989,153471.0,18.2164282,42.5043596
ABHA,أبها,2021-08-07,2453,200696.0,18.2164282,42.5043596
ABHA,أبها,2021-10-16,1786,124300.0,18.2164282,42.5043596
ABHA,أبها,2020-08-15,1393,143986.0,18.2164282,42.5043596
ABHA,أبها,2021-11-13,1810,126975.0,18.2164282,42.5043596
ABHA,أبها,2020-11-07,1164,114849.0,18.2164282,42.5043596
ABHA,أبها,2021-09-25,1770,129860.0,18.2164282,42.5043596
ABHA,أبها,2020-10-31,1218,132275.0,18.2164282,42.5043596
ABHA,أبها,2020-07-04,1328,177548.0,18.2164282,42.5043596
ABHA,أبها,2021-01-02,1249,132797.0,18.2164282,42.5043596
ABHA,أبها,2021-06-19,2011,163289.0,18.2164282,42.5043596
ABHA,أبها,2021-05-29,1824,157942.0,18.2164282,42.5043596
ABHA,أبها,2020-09-26,1147,117318.0,18.2164282,42.5043596
ABHA,أبها,2020-12-26,1064,97868.0,18.2164282,42.5043596
ABHA,أبها,2022-02-12,1928,122347.0,18.2164282,42.5043596
ABHA,أبها,2021-01-16,1011,88650.0,18.2164282,42.5043596
ABHA,أبها,2020-09-12,1143,114533.0,18.2164282,42.5043596
ABHA,أبها,2021-05-01,1450,152086.0,18.2164282,42.5043596
ABHA,أبها,2022-01-01,1992,156379.0,18.2164282,42.5043596
ABHA,أبها,2022-03-05,2236,162853.0,18.2164282,42.5043596
ABHA,أبها,2021-09-04,1925,155275.0,18.2164282,42.5043596
ABHA,أبها,2020-10-24,1028,93686.0,18.2164282,42.5043596
ABHA,أبها,2021-12-11,1803,129252.0,18.2164282,42.5043596
ABHA,أبها,2021-03-20,1305,111458.0,18.2164282,42.5043596
ABHA,أبها,2021-04-17,1208,107000.0,18.2164282,42.5043596
ABHA,أبها,2022-01-22,1695,113783.0,18.2164282,42.5043596
ABHA,أبها,2021-02-06,1195,108752.0,18.2164282,42.5043596
ABHA,أبها,2022-03-26,2072,143674.0,18.2164282,42.5043596
ABHA,أبها,2022-01-15,1652,112344.0,18.2164282,42.5043596
ABHA,أبها,2021-10-23,1651,115012.0,18.2164282,42.5043596
ABHA,أبها,2021-12-18,1699,116893.0,18.2164282,42.5043596
ABHA,أبها,2021-10-09,1838,132846.0,18.2164282,42.5043596
ABHA,أبها,2021-11-06,1861,141017.0,18.2164282,42.5043596
ABHA,أبها,2020-11-28,1179,120226.0,18.2164282,42.5043596
ABHA,أبها,2021-10-02,1972,163430.0,18.2164282,42.5043596
ABHA,أبها,2021-08-28,2049,174113.0,18.2164282,42.5043596
ABHA,أبها,2020-06-13,910,116432.0,18.2164282,42.5043596
ABHA,أبها,2020-09-19,1061,103511.0,18.2164282,42.5043596
ABHA,أبها,2021-06-26,2004,163036.0,18.2164282,42.5043596
ABHA,أبها,2021-02-20,1082,91589.0,18.2164282,42.5043596
ABHA,أبها,2021-06-12,2039,165556.0,18.2164282,42.5043596
ABHA,أبها,2020-07-18,1246,134366.0,18.2164282,42.5043596
ABHA,أبها,2022-03-19,2022,144813.0,18.2164282,42.5043596
ABHA,أبها,2022-01-29,1958,140292.0,18.2164282,42.5043596
ABHA,أبها,2020-11-21,1071,97544.0,18.2164282,42.5043596
ABHA,أبها,2021-01-30,1227,120454.0,18.2164282,42.5043596
ABHA,أبها,2022-02-05,1973,138378.0,18.2164282,42.5043596
ABHA,أبها,2021-06-05,2024,172205.0,18.2164282,42.5043596
ABHA,أبها,2020-11-14,1121,103186.0,18.2164282,42.5043596
ABHA,أبها,2021-04-10,1476,139430.0,18.2164282,42.5043596
ABHA,أبها,2020-07-25,1276,139865.0,18.2164282,42.5043596
ABHA,أبها,2021-12-25,1651,112604.0,18.2164282,42.5043596
ABHA,أبها,2021-12-04,1771,146486.0,18.2164282,42.5043596
ABHA,أبها,2021-05-22,1497,114723.0,18.2164282,42.5043596
ABHA,أبها,2020-06-06,897,120809.0,18.2164282,42.5043596
ABHA,أبها,2021-05-15,1448,125468.0,18.2164282,42.5043596
ABHA,أبها,2021-04-24,1116,96892.0,18.2164282,42.5043596
ABHA,أبها,2021-07-31,2421,209130.0,18.2164282,42.5043596
ABHA,أبها,2020-10-10,1134,112557.0,18.2164282,42.5043596
ABHA,أبها,2020-09-05,1241,135391.0,18.2164282,42.5043596
ABHA,أبها,2022-02-26,1930,123205.0,18.2164282,42.5043596
ABHA,أبها,2020-10-03,1236,139810.0,18.2164282,42.5043596
ABHA,أبها,2020-08-29,1254,141710.0,18.2164282,42.5043596
ABHA,أبها,2021-07-03,2384,211463.0,18.2164282,42.5043596
ABHA,أبها,2021-07-24,1857,140315.0,18.2164282,42.5043596
ABHA,أبها,2020-12-05,1215,122080.0,18.2164282,42.5043596
ABHA,أبها,2020-08-01,1509,172128.0,18.2164282,42.5043596
ABHA,أبها,2022-03-12,2135,142332.0,18.2164282,42.5043596
ABHA,أبها,2021-03-13,1330,115383.0,18.2164282,42.5043596
ABHA,أبها,2020-06-27,1088,144233.0,18.2164282,42.5043596
ABHA,أبها,2022-01-08,1828,128017.0,18.2164282,42.5043596
ABHA,أبها,2021-08-14,2291,179111.0,18.2164282,42.5043596
ABHA,أبها,2020-12-19,1054,96868.0,18.2164282,42.5043596
ABHA,أبها,2021-03-06,1324,131105.0,18.2164282,42.5043596
ABHA,أبها,2021-09-11,1856,135983.0,18.2164282,42.5043596
ABHA,أبها,2020-06-20,918,121943.0,18.2164282,42.5043596
ABHA,أبها,2021-10-30,1909,150980.0,18.2164282,42.5043596
ABHA,أبها,2020-10-17,1094,99616.0,18.2164282,42.5043596
ABHA,أبها,2021-11-27,1705,122065.0,18.2164282,42.5043596
ABHA,أبها,2021-03-27,1334,118935.0,18.2164282,42.5043596
ABHA,أبها,2020-08-08,1363,133805.0,18.2164282,42.5043596
ABHA,أبها,2021-01-09,1028,94412.0,18.2164282,42.5043596
ABHA,أبها,2021-02-27,1093,93918.0,18.2164282,42.5043596
ABHA,أبها,2020-07-11,1294,136103.0,18.2164282,42.5043596
ABHA,أبها,2021-11-20,1690,115118.0,18.2164282,42.5043596
MAKKAH,مكة المكرمة,2021-01-23,2834,227878.0,21.420847,39.826869
MAKKAH,مكة المكرمة,2022-04-09,5344,549097.0,21.420847,39.826869
MAKKAH,مكة المكرمة,2022-02-19,4944,304952.0,21.420847,39.826869
MAKKAH,مكة المكرمة,2022-04-02,6584,577914.0,21.420847,39.826869
MAKKAH,مكة المكرمة,2020-12-12,2841,236130.0,21.420847,39.826869
MAKKAH,مكة المكرمة,2021-04-03,4012,377813.0,21.420847,39.826869
MAKKAH,مكة المكرمة,2021-07-10,4056,274617.0,21.420847,39.826869
MAKKAH,مكة المكرمة,2021-02-13,3218,249105.0,21.420847,39.826869
MAKKAH,مكة المكرمة,2021-08-21,3941,265324.0,21.420847,39.826869
MAKKAH,مكة المكرمة,2021-08-07,4138,281078.0,21.420847,39.826869
MAKKAH,مكة المكرمة,2021-10-16,4610,298331.0,21.420847,39.826869
MAKKAH,مكة المكرمة,2020-08-15,2005,184146.0,21.420847,39.826869
MAKKAH,مكة المكرمة,2021-11-13,4738,306308.0,21.420847,39.826869
MAKKAH,مكة المكرمة,2020-11-07,2655,233870.0,21.420847,39.826869
MAKKAH,مكة المكرمة,2021-09-25,4168,294442.0,21.420847,39.826869
MAKKAH,مكة المكرمة,2020-10-31,2726,268008.0,21.420847,39.826869
MAKKAH,مكة المكرمة,2020-07-04,1992,290919.0,21.420847,39.826869
MAKKAH,مكة المكرمة,2021-01-02,3476,339811.0,21.420847,39.826869
MAKKAH,مكة المكرمة,2021-06-19,3659,253226.0,21.420847,39.826869
MAKKAH,مكة المكرمة,2021-05-29,3639,280590.0,21.420847,39.826869
MAKKAH,مكة المكرمة,2020-09-26,2219,211241.0,21.420847,39.826869
MAKKAH,مكة المكرمة,2020-12-26,2653,218771.0,21.420847,39.826869
MAKKAH,مكة المكرمة,2022-02-12,5166,324555.0,21.420847,39.826869
MAKKAH,مكة المكرمة,2021-01-16,3246,259699.0,21.420847,39.826869
MAKKAH,مكة المكرمة,2020-09-12,2298,203125.0,21.420847,39.826869
MAKKAH,مكة المكرمة,2021-05-01,4033,459260.0,21.420847,39.826869
MAKKAH,مكة المكرمة,2022-01-01,5588,430892.0,21.420847,39.826869
MAKKAH,مكة المكرمة,2022-03-05,5880,439113.0,21.420847,39.826869
MAKKAH,مكة المكرمة,2021-09-04,4576,331555.0,21.420847,39.826869
MAKKAH,مكة المكرمة,2020-10-24,2247,186218.0,21.420847,39.826869
MAKKAH,مكة المكرمة,2021-12-11,5043,338173.0,21.420847,39.826869
MAKKAH,مكة المكرمة,2021-03-20,3385,267621.0,21.420847,39.826869
MAKKAH,مكة المكرمة,2021-04-17,3403,297089.0,21.420847,39.826869
MAKKAH,مكة المكرمة,2022-01-22,4648,294241.0,21.420847,39.826869
MAKKAH,مكة المكرمة,2021-02-06,3331,278025.0,21.420847,39.826869
MAKKAH,مكة المكرمة,2022-03-26,5219,396329.0,21.420847,39.826869
MAKKAH,مكة المكرمة,2022-01-15,5386,358632.0,21.420847,39.826869
MAKKAH,مكة المكرمة,2021-10-23,4184,269677.0,21.420847,39.826869
MAKKAH,مكة المكرمة,2021-12-18,4716,311084.0,21.420847,39.826869
MAKKAH,مكة المكرمة,2021-10-09,4569,305412.0,21.420847,39.826869
MAKKAH,مكة المكرمة,2021-11-06,4856,343110.0,21.420847,39.826869
MAKKAH,مكة المكرمة,2020-11-28,2784,258208.0,21.420847,39.826869
MAKKAH,مكة المكرمة,2021-10-02,4842,371159.0,21.420847,39.826869
MAKKAH,مكة المكرمة,2021-08-28,4473,346496.0,21.420847,39.826869
MAKKAH,مكة المكرمة,2020-06-13,1546,204211.0,21.420847,39.826869
MAKKAH,مكة المكرمة,2020-09-19,2200,191645.0,21.420847,39.826869
MAKKAH,مكة المكرمة,2021-06-26,3583,249186.0,21.420847,39.826869
MAKKAH,مكة المكرمة,2021-02-20,3082,234962.0,21.420847,39.826869
MAKKAH,مكة المكرمة,2021-06-12,3910,274494.0,21.420847,39.826869
MAKKAH,مكة المكرمة,2020-07-18,1828,176012.0,21.420847,39.826869
MAKKAH,مكة المكرمة,2022-03-19,5570,418056.0,21.420847,39.826869
MAKKAH,مكة المكرمة,2022-01-29,5154,362146.0,21.420847,39.826869
MAKKAH,مكة المكرمة,2020-11-21,2513,207409.0,21.420847,39.826869
MAKKAH,مكة المكرمة,2021-01-30,3332,297981.0,21.420847,39.826869
MAKKAH,مكة المكرمة,2022-02-05,5536,383407.0,21.420847,39.826869
MAKKAH,مكة المكرمة,2021-06-05,3932,292105.0,21.420847,39.826869
MAKKAH,مكة المكرمة,2020-11-14,2653,219517.0,21.420847,39.826869
MAKKAH,مكة المكرمة,2021-04-10,3782,330513.0,21.420847,39.826869
MAKKAH,مكة المكرمة,2020-07-25,1810,176522.0,21.420847,39.826869
MAKKAH,مكة المكرمة,2021-12-25,4369,295716.0,21.420847,39.826869
MAKKAH,مكة المكرمة,2021-12-04,5676,454178.0,21.420847,39.826869
MAKKAH,مكة المكرمة,2021-05-22,3033,206555.0,21.420847,39.826869
MAKKAH,مكة المكرمة,2020-06-06,1605,226461.0,21.420847,39.826869
MAKKAH,مكة المكرمة,2021-05-15,4059,391185.0,21.420847,39.826869
MAKKAH,مكة المكرمة,2021-04-24,3057,288730.0,21.420847,39.826869
MAKKAH,مكة المكرمة,2021-07-31,4088,301464.0,21.420847,39.826869
MAKKAH,مكة المكرمة,2020-10-10,2383,211633.0,21.420847,39.826869
MAKKAH,مكة المكرمة,2020-09-05,2366,238978.0,21.420847,39.826869
MAKKAH,مكة المكرمة,2022-02-26,5041,348958.0,21.420847,39.826869
MAKKAH,مكة المكرمة,2020-10-03,2592,262751.0,21.420847,39.826869
MAKKAH,مكة المكرمة,2020-08-29,2181,240004.0,21.420847,39.826869
MAKKAH,مكة المكرمة,2021-07-03,4326,338786.0,21.420847,39.826869
MAKKAH,مكة المكرمة,2021-07-24,3305,182765.0,21.420847,39.826869
MAKKAH,مكة المكرمة,2020-12-05,2939,269607.0,21.420847,39.826869
MAKKAH,مكة المكرمة,2020-08-01,2148,217985.0,21.420847,39.826869
MAKKAH,مكة المكرمة,2022-03-12,5668,392433.0,21.420847,39.826869
MAKKAH,مكة المكرمة,2021-03-13,3557,280736.0,21.420847,39.826869
MAKKAH,مكة المكرمة,2020-06-27,1694,242142.0,21.420847,39.826869
MAKKAH,مكة المكرمة,2022-01-08,5339,374060.0,21.420847,39.826869
MAKKAH,مكة المكرمة,2021-08-14,4266,288116.0,21.420847,39.826869
MAKKAH,مكة المكرمة,2020-12-19,2726,223543.0,21.420847,39.826869
MAKKAH,مكة المكرمة,2021-03-06,3748,334761.0,21.420847,39.826869
MAKKAH,مكة المكرمة,2021-09-11,4492,291751.0,21.420847,39.826869
MAKKAH,مكة المكرمة,2020-06-20,1465,187722.0,21.420847,39.826869
MAKKAH,مكة المكرمة,2021-10-30,4820,352465.0,21.420847,39.826869
MAKKAH,مكة المكرمة,2020-10-17,2378,195717.0,21.420847,39.826869
MAKKAH,مكة المكرمة,2021-11-27,4630,334110.0,21.420847,39.826869
MAKKAH,مكة المكرمة,2021-03-27,3330,276614.0,21.420847,39.826869
MAKKAH,مكة المكرمة,2020-08-08,1881,169336.0,21.420847,39.826869
MAKKAH,مكة المكرمة,2021-01-09,3149,267391.0,21.420847,39.826869
MAKKAH,مكة المكرمة,2021-02-27,2979,234277.0,21.420847,39.826869
MAKKAH,مكة المكرمة,2020-07-11,1867,182933.0,21.420847,39.826869
MAKKAH,مكة المكرمة,2021-11-20,4389,280655.0,21.420847,39.826869
BURAIDAH,بريدة,2021-01-23,2019,195754.0,26.331667,43.971667
BURAIDAH,بريدة,2022-04-09,2711,233748.0,26.331667,43.971667
BURAIDAH,بريدة,2022-02-19,2953,214326.0,26.331667,43.971667
BURAIDAH,بريدة,2022-04-02,3813,346724.0,26.331667,43.971667
BURAIDAH,بريدة,2020-12-12,2198,213024.0,26.331667,43.971667
BURAIDAH,بريدة,2021-04-03,2775,287580.0,26.331667,43.971667
BURAIDAH,بريدة,2021-07-10,2726,229749.0,26.331667,43.971667
BURAIDAH,بريدة,2021-02-13,2204,199716.0,26.331667,43.971667
BURAIDAH,بريدة,2021-08-21,2517,199705.0,26.331667,43.971667
BURAIDAH,بريدة,2021-08-07,2707,219387.0,26.331667,43.971667
BURAIDAH,بريدة,2021-10-16,2870,218310.0,26.331667,43.971667
BURAIDAH,بريدة,2020-08-15,1855,181764.0,26.331667,43.971667
BURAIDAH,بريدة,2021-11-13,2939,236168.0,26.331667,43.971667
BURAIDAH,بريدة,2020-11-07,2173,209890.0,26.331667,43.971667
BURAIDAH,بريدة,2021-09-25,2748,231291.0,26.331667,43.971667
BURAIDAH,بريدة,2020-10-31,2269,238993.0,26.331667,43.971667
BURAIDAH,بريدة,2020-07-04,1995,298067.0,26.331667,43.971667
BURAIDAH,بريدة,2021-01-02,2582,279167.0,26.331667,43.971667
BURAIDAH,بريدة,2021-06-19,2508,209387.0,26.331667,43.971667
BURAIDAH,بريدة,2021-05-29,2606,231331.0,26.331667,43.971667
BURAIDAH,بريدة,2020-09-26,2013,204547.0,26.331667,43.971667
BURAIDAH,بريدة,2020-12-26,2068,200603.0,26.331667,43.971667
BURAIDAH,بريدة,2022-02-12,3074,227506.0,26.331667,43.971667
BURAIDAH,بريدة,2021-01-16,2287,209997.0,26.331667,43.971667
BURAIDAH,بريدة,2020-09-12,1979,195339.0,26.331667,43.971667
BURAIDAH,بريدة,2021-05-01,2485,265431.0,26.331667,43.971667
BURAIDAH,بريدة,2022-01-01,3277,280563.0,26.331667,43.971667
BURAIDAH,بريدة,2022-03-05,3451,290873.0,26.331667,43.971667
BURAIDAH,بريدة,2021-09-04,2900,247538.0,26.331667,43.971667
BURAIDAH,بريدة,2020-10-24,1929,181097.0,26.331667,43.971667
BURAIDAH,بريدة,2021-12-11,3009,249023.0,26.331667,43.971667
BURAIDAH,بريدة,2021-03-20,2406,224828.0,26.331667,43.971667
BURAIDAH,بريدة,2021-04-17,2256,211830.0,26.331667,43.971667
BURAIDAH,بريدة,2022-01-22,2801,227571.0,26.331667,43.971667
BURAIDAH,بريدة,2021-02-06,2292,215345.0,26.331667,43.971667
BURAIDAH,بريدة,2022-03-26,3265,266574.0,26.331667,43.971667
BURAIDAH,بريدة,2022-01-15,3013,232901.0,26.331667,43.971667
BURAIDAH,بريدة,2021-10-23,2650,202752.0,26.331667,43.971667
BURAIDAH,بريدة,2021-12-18,2815,221495.0,26.331667,43.971667
BURAIDAH,بريدة,2021-10-09,2926,228177.0,26.331667,43.971667
BURAIDAH,بريدة,2021-11-06,3016,247713.0,26.331667,43.971667
BURAIDAH,بريدة,2020-11-28,2182,216823.0,26.331667,43.971667
BURAIDAH,بريدة,2021-10-02,3078,274135.0,26.331667,43.971667
BURAIDAH,بريدة,2021-08-28,2871,251843.0,26.331667,43.971667
BURAIDAH,بريدة,2020-06-13,1621,229106.0,26.331667,43.971667
BURAIDAH,بريدة,2020-09-19,1904,181314.0,26.331667,43.971667
BURAIDAH,بريدة,2021-06-26,2516,210476.0,26.331667,43.971667
BURAIDAH,بريدة,2021-02-20,2125,191101.0,26.331667,43.971667
BURAIDAH,بريدة,2021-06-12,2645,222669.0,26.331667,43.971667
BURAIDAH,بريدة,2020-07-18,1786,175800.0,26.331667,43.971667
BURAIDAH,بريدة,2022-03-19,3118,259099.0,26.331667,43.971667
BURAIDAH,بريدة,2022-01-29,3152,262870.0,26.331667,43.971667
BURAIDAH,بريدة,2020-11-21,2032,194127.0,26.331667,43.971667
BURAIDAH,بريدة,2021-01-30,2367,238932.0,26.331667,43.971667
BURAIDAH,بريدة,2022-02-05,3214,257971.0,26.331667,43.971667
BURAIDAH,بريدة,2021-06-05,2718,235880.0,26.331667,43.971667
BURAIDAH,بريدة,2020-11-14,2115,197560.0,26.331667,43.971667
BURAIDAH,بريدة,2021-04-10,2643,256216.0,26.331667,43.971667
BURAIDAH,بريدة,2020-07-25,1836,188444.0,26.331667,43.971667
BURAIDAH,بريدة,2021-12-25,2679,211270.0,26.331667,43.971667
BURAIDAH,بريدة,2021-12-04,3247,296944.0,26.331667,43.971667
BURAIDAH,بريدة,2021-05-22,2347,190317.0,26.331667,43.971667
BURAIDAH,بريدة,2020-06-06,1655,240009.0,26.331667,43.971667
BURAIDAH,بريدة,2021-05-15,2544,213280.0,26.331667,43.971667
BURAIDAH,بريدة,2021-04-24,1979,184611.0,26.331667,43.971667
BURAIDAH,بريدة,2021-07-31,2847,244250.0,26.331667,43.971667
BURAIDAH,بريدة,2020-10-10,2057,196093.0,26.331667,43.971667
BURAIDAH,بريدة,2020-09-05,2057,218578.0,26.331667,43.971667
BURAIDAH,بريدة,2022-02-26,3049,233091.0,26.331667,43.971667
BURAIDAH,بريدة,2020-10-03,2220,234596.0,26.331667,43.971667
BURAIDAH,بريدة,2020-08-29,1944,209101.0,26.331667,43.971667
BURAIDAH,بريدة,2021-07-03,2899,260528.0,26.331667,43.971667
BURAIDAH,بريدة,2021-07-24,2428,160822.0,26.331667,43.971667
BURAIDAH,بريدة,2020-12-05,2327,232111.0,26.331667,43.971667
BURAIDAH,بريدة,2020-08-01,2232,224500.0,26.331667,43.971667
BURAIDAH,بريدة,2022-03-12,3383,268893.0,26.331667,43.971667
BURAIDAH,بريدة,2021-03-13,2436,225378.0,26.331667,43.971667
BURAIDAH,بريدة,2020-06-27,1769,274524.0,26.331667,43.971667
BURAIDAH,بريدة,2022-01-08,3115,260221.0,26.331667,43.971667
BURAIDAH,بريدة,2021-08-14,2640,214288.0,26.331667,43.971667
BURAIDAH,بريدة,2020-12-19,2086,195189.0,26.331667,43.971667
BURAIDAH,بريدة,2021-03-06,2541,255300.0,26.331667,43.971667
BURAIDAH,بريدة,2021-09-11,2848,228164.0,26.331667,43.971667
BURAIDAH,بريدة,2020-06-20,1557,223173.0,26.331667,43.971667
BURAIDAH,بريدة,2021-10-30,3056,257198.0,26.331667,43.971667
BURAIDAH,بريدة,2020-10-17,2012,186292.0,26.331667,43.971667
BURAIDAH,بريدة,2021-11-27,2892,232742.0,26.331667,43.971667
BURAIDAH,بريدة,2021-03-27,2433,234710.0,26.331667,43.971667
BURAIDAH,بريدة,2020-08-08,1842,168020.0,26.331667,43.971667
BURAIDAH,بريدة,2021-01-09,2323,216659.0,26.331667,43.971667
BURAIDAH,بريدة,2021-02-27,2069,189857.0,26.331667,43.971667
BURAIDAH,بريدة,2020-07-11,1850,180724.0,26.331667,43.971667
BURAIDAH,بريدة,2021-11-20,2745,215223.0,26.331667,43.971667
KHOBAR,الخبر,2021-01-23,2121,284218.0,26.3039999,50.1960237
KHOBAR,الخبر,2022-04-09,2525,289152.0,26.3039999,50.1960237
KHOBAR,الخبر,2022-02-19,2956,296140.0,26.3039999,50.1960237
KHOBAR,الخبر,2022-04-02,3467,402452.0,26.3039999,50.1960237
KHOBAR,الخبر,2020-12-12,2260,299274.0,26.3039999,50.1960237
KHOBAR,الخبر,2021-04-03,2742,393912.0,26.3039999,50.1960237
KHOBAR,الخبر,2021-07-10,2625,317874.0,26.3039999,50.1960237
KHOBAR,الخبر,2021-02-13,2045,258422.0,26.3039999,50.1960237
KHOBAR,الخبر,2021-08-21,2397,272286.0,26.3039999,50.1960237
KHOBAR,الخبر,2021-08-07,2568,294511.0,26.3039999,50.1960237
KHOBAR,الخبر,2021-10-16,2810,292148.0,26.3039999,50.1960237
KHOBAR,الخبر,2020-08-15,1808,252243.0,26.3039999,50.1960237
KHOBAR,الخبر,2021-11-13,2854,303310.0,26.3039999,50.1960237
KHOBAR,الخبر,2020-11-07,2282,319349.0,26.3039999,50.1960237
KHOBAR,الخبر,2021-09-25,2732,315664.0,26.3039999,50.1960237
KHOBAR,الخبر,2020-10-31,2276,343861.0,26.3039999,50.1960237
KHOBAR,الخبر,2020-07-04,1816,370443.0,26.3039999,50.1960237
KHOBAR,الخبر,2021-01-02,2567,400574.0,26.3039999,50.1960237
KHOBAR,الخبر,2021-06-19,2401,285693.0,26.3039999,50.1960237
KHOBAR,الخبر,2021-05-29,2561,322058.0,26.3039999,50.1960237
KHOBAR,الخبر,2020-09-26,2123,312360.0,26.3039999,50.1960237
KHOBAR,الخبر,2020-12-26,2108,286353.0,26.3039999,50.1960237
KHOBAR,الخبر,2022-02-12,2994,304190.0,26.3039999,50.1960237
KHOBAR,الخبر,2021-01-16,2375,317989.0,26.3039999,50.1960237
KHOBAR,الخبر,2020-09-12,2021,275089.0,26.3039999,50.1960237
KHOBAR,الخبر,2021-05-01,2189,330554.0,26.3039999,50.1960237
KHOBAR,الخبر,2022-01-01,3198,378752.0,26.3039999,50.1960237
KHOBAR,الخبر,2022-03-05,3249,368174.0,26.3039999,50.1960237
KHOBAR,الخبر,2021-09-04,2786,343680.0,26.3039999,50.1960237
KHOBAR,الخبر,2020-10-24,1975,260668.0,26.3039999,50.1960237
KHOBAR,الخبر,2021-12-11,2957,318008.0,26.3039999,50.1960237
KHOBAR,الخبر,2021-03-20,2388,305270.0,26.3039999,50.1960237
KHOBAR,الخبر,2021-04-17,2016,258369.0,26.3039999,50.1960237
KHOBAR,الخبر,2022-01-22,2775,283373.0,26.3039999,50.1960237
KHOBAR,الخبر,2021-02-06,2275,302971.0,26.3039999,50.1960237
KHOBAR,الخبر,2022-03-26,3135,336361.0,26.3039999,50.1960237
KHOBAR,الخبر,2022-01-15,3025,311548.0,26.3039999,50.1960237
KHOBAR,الخبر,2021-10-23,2672,271267.0,26.3039999,50.1960237
KHOBAR,الخبر,2021-12-18,2837,297567.0,26.3039999,50.1960237
KHOBAR,الخبر,2021-10-09,2811,296849.0,26.3039999,50.1960237
KHOBAR,الخبر,2021-11-06,2994,342123.0,26.3039999,50.1960237
KHOBAR,الخبر,2020-11-28,2292,329427.0,26.3039999,50.1960237
KHOBAR,الخبر,2021-10-02,2893,349569.0,26.3039999,50.1960237
KHOBAR,الخبر,2021-08-28,2692,352381.0,26.3039999,50.1960237
KHOBAR,الخبر,2020-06-13,1326,263489.0,26.3039999,50.1960237
KHOBAR,الخبر,2020-09-19,1943,266330.0,26.3039999,50.1960237
KHOBAR,الخبر,2021-06-26,2425,292242.0,26.3039999,50.1960237
KHOBAR,الخبر,2021-02-20,2017,248689.0,26.3039999,50.1960237
KHOBAR,الخبر,2021-06-12,2603,309513.0,26.3039999,50.1960237
KHOBAR,الخبر,2020-07-18,1689,239828.0,26.3039999,50.1960237
KHOBAR,الخبر,2022-03-19,3318,359477.0,26.3039999,50.1960237
KHOBAR,الخبر,2022-01-29,2959,318503.0,26.3039999,50.1960237
KHOBAR,الخبر,2020-11-21,2136,288220.0,26.3039999,50.1960237
KHOBAR,الخبر,2021-01-30,2368,328261.0,26.3039999,50.1960237
KHOBAR,الخبر,2022-02-05,3182,333937.0,26.3039999,50.1960237
KHOBAR,الخبر,2021-06-05,2762,343430.0,26.3039999,50.1960237
KHOBAR,الخبر,2020-11-14,2214,298970.0,26.3039999,50.1960237
KHOBAR,الخبر,2021-04-10,2667,354150.0,26.3039999,50.1960237
KHOBAR,الخبر,2020-07-25,1671,252587.0,26.3039999,50.1960237
KHOBAR,الخبر,2021-12-25,2742,294044.0,26.3039999,50.1960237
KHOBAR,الخبر,2021-12-04,3266,388714.0,26.3039999,50.1960237
KHOBAR,الخبر,2021-05-22,2318,270560.0,26.3039999,50.1960237
KHOBAR,الخبر,2020-06-06,1376,286346.0,26.3039999,50.1960237
KHOBAR,الخبر,2021-05-15,2228,297279.0,26.3039999,50.1960237
KHOBAR,الخبر,2021-04-24,1828,244967.0,26.3039999,50.1960237
KHOBAR,الخبر,2021-07-31,2453,298428.0,26.3039999,50.1960237
KHOBAR,الخبر,2020-10-10,2126,281223.0,26.3039999,50.1960237
KHOBAR,الخبر,2020-09-05,2102,325048.0,26.3039999,50.1960237
KHOBAR,الخبر,2022-02-26,3089,315778.0,26.3039999,50.1960237
KHOBAR,الخبر,2020-10-03,2204,334254.0,26.3039999,50.1960237
KHOBAR,الخبر,2020-08-29,1954,347780.0,26.3039999,50.1960237
KHOBAR,الخبر,2021-07-03,2741,353087.0,26.3039999,50.1960237
KHOBAR,الخبر,2021-07-24,2010,208189.0,26.3039999,50.1960237
KHOBAR,الخبر,2020-12-05,2411,341008.0,26.3039999,50.1960237
KHOBAR,الخبر,2020-08-01,1847,288554.0,26.3039999,50.1960237
KHOBAR,الخبر,2022-03-12,3287,344874.0,26.3039999,50.1960237
KHOBAR,الخبر,2021-03-13,2365,294320.0,26.3039999,50.1960237
KHOBAR,الخبر,2020-06-27,1586,330564.0,26.3039999,50.1960237
KHOBAR,الخبر,2022-01-08,3015,330100.0,26.3039999,50.1960237
KHOBAR,الخبر,2021-08-14,2509,277672.0,26.3039999,50.1960237
KHOBAR,الخبر,2020-12-19,2135,282125.0,26.3039999,50.1960237
KHOBAR,الخبر,2021-03-06,2345,315482.0,26.3039999,50.1960237
KHOBAR,الخبر,2021-09-11,2730,297374.0,26.3039999,50.1960237
KHOBAR,الخبر,2020-06-20,1328,264975.0,26.3039999,50.1960237
KHOBAR,الخبر,2021-10-30,2879,327540.0,26.3039999,50.1960237
KHOBAR,الخبر,2020-10-17,2058,262736.0,26.3039999,50.1960237
KHOBAR,الخبر,2021-11-27,2812,312783.0,26.3039999,50.1960237
KHOBAR,الخبر,2021-03-27,2427,311294.0,26.3039999,50.1960237
KHOBAR,الخبر,2020-08-08,1724,232623.0,26.3039999,50.1960237
KHOBAR,الخبر,2021-01-09,2475,342950.0,26.3039999,50.1960237
KHOBAR,الخبر,2021-02-27,2007,259339.0,26.3039999,50.1960237
KHOBAR,الخبر,2020-07-11,1722,245237.0,26.3039999,50.1960237
KHOBAR,الخبر,2021-11-20,2708,279748.0,26.3039999,50.1960237
MADINA,المنورة,2021-01-23,3238,276959.0,25.1354363,39.162594
MADINA,المنورة,2022-04-09,4874,366537.0,25.1354363,39.162594
MADINA,المنورة,2022-02-19,5083,314721.0,25.1354363,39.162594
MADINA,المنورة,2022-04-02,6727,533240.0,25.1354363,39.162594
MADINA,المنورة,2020-12-12,3393,285024.0,25.1354363,39.162594
MADINA,المنورة,2021-04-03,4589,427326.0,25.1354363,39.162594
MADINA,المنورة,2021-07-10,4581,332526.0,25.1354363,39.162594
MADINA,المنورة,2021-02-13,3622,280975.0,25.1354363,39.162594
MADINA,المنورة,2021-08-21,4328,285058.0,25.1354363,39.162594
MADINA,المنورة,2021-08-07,4662,325943.0,25.1354363,39.162594
MADINA,المنورة,2021-10-16,4956,316865.0,25.1354363,39.162594
MADINA,المنورة,2020-08-15,2681,240098.0,25.1354363,39.162594
MADINA,المنورة,2021-11-13,5119,332513.0,25.1354363,39.162594
MADINA,المنورة,2020-11-07,3317,285334.0,25.1354363,39.162594
MADINA,المنورة,2021-09-25,4624,329130.0,25.1354363,39.162594
MADINA,المنورة,2020-10-31,3482,332265.0,25.1354363,39.162594
MADINA,المنورة,2020-07-04,2702,386607.0,25.1354363,39.162594
MADINA,المنورة,2021-01-02,4150,405958.0,25.1354363,39.162594
MADINA,المنورة,2021-06-19,4153,292455.0,25.1354363,39.162594
MADINA,المنورة,2021-05-29,4337,330116.0,25.1354363,39.162594
MADINA,المنورة,2020-09-26,2961,285117.0,25.1354363,39.162594
MADINA,المنورة,2020-12-26,3205,266194.0,25.1354363,39.162594
MADINA,المنورة,2022-02-12,5319,338108.0,25.1354363,39.162594
MADINA,المنورة,2021-01-16,3742,314247.0,25.1354363,39.162594
MADINA,المنورة,2020-09-12,2975,268323.0,25.1354363,39.162594
MADINA,المنورة,2021-05-01,4301,427430.0,25.1354363,39.162594
MADINA,المنورة,2022-01-01,5854,450579.0,25.1354363,39.162594
MADINA,المنورة,2022-03-05,6171,453622.0,25.1354363,39.162594
MADINA,المنورة,2021-09-04,4946,369231.0,25.1354363,39.162594
MADINA,المنورة,2020-10-24,2861,235468.0,25.1354363,39.162594
MADINA,المنورة,2021-12-11,5324,364478.0,25.1354363,39.162594
MADINA,المنورة,2021-03-20,3846,311755.0,25.1354363,39.162594
MADINA,المنورة,2021-04-17,3697,297906.0,25.1354363,39.162594
MADINA,المنورة,2022-01-22,4789,322415.0,25.1354363,39.162594
MADINA,المنورة,2021-02-06,3818,319691.0,25.1354363,39.162594
MADINA,المنورة,2022-03-26,5464,386622.0,25.1354363,39.162594
MADINA,المنورة,2022-01-15,5544,368088.0,25.1354363,39.162594
MADINA,المنورة,2021-10-23,4541,293064.0,25.1354363,39.162594
MADINA,المنورة,2021-12-18,4974,327282.0,25.1354363,39.162594
MADINA,المنورة,2021-10-09,4981,332088.0,25.1354363,39.162594
MADINA,المنورة,2021-11-06,5221,365154.0,25.1354363,39.162594
MADINA,المنورة,2020-11-28,3397,316801.0,25.1354363,39.162594
MADINA,المنورة,2021-10-02,5285,406141.0,25.1354363,39.162594
MADINA,المنورة,2021-08-28,4923,387014.0,25.1354363,39.162594
MADINA,المنورة,2020-06-13,2141,273024.0,25.1354363,39.162594
MADINA,المنورة,2020-09-19,2830,245939.0,25.1354363,39.162594
MADINA,المنورة,2021-06-26,4055,291334.0,25.1354363,39.162594
MADINA,المنورة,2021-02-20,3432,265966.0,25.1354363,39.162594
MADINA,المنورة,2021-06-12,4472,319759.0,25.1354363,39.162594
MADINA,المنورة,2020-07-18,2433,232297.0,25.1354363,39.162594
MADINA,المنورة,2022-03-19,5734,416400.0,25.1354363,39.162594
MADINA,المنورة,2022-01-29,5425,384714.0,25.1354363,39.162594
MADINA,المنورة,2020-11-21,3092,253642.0,25.1354363,39.162594
MADINA,المنورة,2021-01-30,3857,351031.0,25.1354363,39.162594
MADINA,المنورة,2022-02-05,5630,391368.0,25.1354363,39.162594
MADINA,المنورة,2021-06-05,4570,344549.0,25.1354363,39.162594
MADINA,المنورة,2020-11-14,3255,266889.0,25.1354363,39.162594
MADINA,المنورة,2021-04-10,4252,363518.0,25.1354363,39.162594
MADINA,المنورة,2020-07-25,2492,246714.0,25.1354363,39.162594
MADINA,المنورة,2021-12-25,4602,313046.0,25.1354363,39.162594
MADINA,المنورة,2021-12-04,6008,485271.0,25.1354363,39.162594
MADINA,المنورة,2021-05-22,3696,254917.0,25.1354363,39.162594
MADINA,المنورة,2020-06-06,2184,288587.0,25.1354363,39.162594
MADINA,المنورة,2021-05-15,4541,375208.0,25.1354363,39.162594
MADINA,المنورة,2021-04-24,3256,260128.0,25.1354363,39.162594
MADINA,المنورة,2021-07-31,4835,360753.0,25.1354363,39.162594
MADINA,المنورة,2020-10-10,3084,262644.0,25.1354363,39.162594
MADINA,المنورة,2020-09-05,3056,314257.0,25.1354363,39.162594
MADINA,المنورة,2022-02-26,5244,349547.0,25.1354363,39.162594
MADINA,المنورة,2020-10-03,3381,331473.0,25.1354363,39.162594
MADINA,المنورة,2020-08-29,2833,308675.0,25.1354363,39.162594
MADINA,المنورة,2021-07-03,4921,393341.0,25.1354363,39.162594
MADINA,المنورة,2021-07-24,4015,246107.0,25.1354363,39.162594
MADINA,المنورة,2020-12-05,3557,327289.0,25.1354363,39.162594
MADINA,المنورة,2020-08-01,3215,329177.0,25.1354363,39.162594
MADINA,المنورة,2022-03-12,5932,404359.0,25.1354363,39.162594
MADINA,المنورة,2021-03-13,4005,323902.0,25.1354363,39.162594
MADINA,المنورة,2020-06-27,2289,337558.0,25.1354363,39.162594
MADINA,المنورة,2022-01-08,5419,383694.0,25.1354363,39.162594
MADINA,المنورة,2021-08-14,4704,322191.0,25.1354363,39.162594
MADINA,المنورة,2020-12-19,3233,266202.0,25.1354363,39.162594
MADINA,المنورة,2021-03-06,4188,377521.0,25.1354363,39.162594
MADINA,المنورة,2021-09-11,4854,327612.0,25.1354363,39.162594
MADINA,المنورة,2020-06-20,2045,274319.0,25.1354363,39.162594
MADINA,المنورة,2021-10-30,5222,377386.0,25.1354363,39.162594
MADINA,المنورة,2020-10-17,3061,248430.0,25.1354363,39.162594
MADINA,المنورة,2021-11-27,4990,357365.0,25.1354363,39.162594
MADINA,المنورة,2021-03-27,3895,322160.0,25.1354363,39.162594
MADINA,المنورة,2020-08-08,2606,225467.0,25.1354363,39.162594
MADINA,المنورة,2021-01-09,3740,327961.0,25.1354363,39.162594
MADINA,المنورة,2021-02-27,3344,265021.0,25.1354363,39.162594
MADINA,المنورة,2020-07-11,2512,237912.0,25.1354363,39.162594
MADINA,المنورة,2021-11-20,4695,300055.0,25.1354363,39.162594
DAMMAM,الدمام,2021-01-23,3750,439707.0,26.4367824,50.1039991
DAMMAM,الدمام,2022-04-09,5400,536697.0,26.4367824,50.1039991
DAMMAM,الدمام,2022-02-19,5705,493176.0,26.4367824,50.1039991
DAMMAM,الدمام,2022-04-02,7260,746704.0,26.4367824,50.1039991
DAMMAM,الدمام,2020-12-12,4048,462727.0,26.4367824,50.1039991
DAMMAM,الدمام,2021-04-03,5066,613007.0,26.4367824,50.1039991
DAMMAM,الدمام,2021-07-10,4754,487069.0,26.4367824,50.1039991
DAMMAM,الدمام,2021-02-13,4034,433827.0,26.4367824,50.1039991
DAMMAM,الدمام,2021-08-21,4354,408383.0,26.4367824,50.1039991
DAMMAM,الدمام,2021-08-07,4633,457846.0,26.4367824,50.1039991
DAMMAM,الدمام,2021-10-16,5115,465018.0,26.4367824,50.1039991
DAMMAM,الدمام,2020-08-15,3077,366419.0,26.4367824,50.1039991
DAMMAM,الدمام,2021-11-13,5274,485275.0,26.4367824,50.1039991
DAMMAM,الدمام,2020-11-07,4026,473144.0,26.4367824,50.1039991
DAMMAM,الدمام,2021-09-25,4827,470340.0,26.4367824,50.1039991
DAMMAM,الدمام,2020-10-31,4114,516090.0,26.4367824,50.1039991
DAMMAM,الدمام,2020-07-04,3358,601905.0,26.4367824,50.1039991
DAMMAM,الدمام,2021-01-02,4639,607122.0,26.4367824,50.1039991
DAMMAM,الدمام,2021-06-19,4405,434830.0,26.4367824,50.1039991
DAMMAM,الدمام,2021-05-29,4538,482968.0,26.4367824,50.1039991
DAMMAM,الدمام,2020-09-26,3593,433927.0,26.4367824,50.1039991
DAMMAM,الدمام,2020-12-26,3759,436200.0,26.4367824,50.1039991
DAMMAM,الدمام,2022-02-12,5846,517596.0,26.4367824,50.1039991
DAMMAM,الدمام,2021-01-16,4079,459739.0,26.4367824,50.1039991
DAMMAM,الدمام,2020-09-12,3618,415068.0,26.4367824,50.1039991
DAMMAM,الدمام,2021-05-01,4429,568069.0,26.4367824,50.1039991
DAMMAM,الدمام,2022-01-01,6139,638714.0,26.4367824,50.1039991
DAMMAM,الدمام,2022-03-05,6611,646931.0,26.4367824,50.1039991
DAMMAM,الدمام,2021-09-04,5222,548370.0,26.4367824,50.1039991
DAMMAM,الدمام,2020-10-24,3462,380929.0,26.4367824,50.1039991
DAMMAM,الدمام,2021-12-11,5533,538516.0,26.4367824,50.1039991
DAMMAM,الدمام,2021-03-20,4318,462503.0,26.4367824,50.1039991
DAMMAM,الدمام,2021-04-17,4057,456791.0,26.4367824,50.1039991
DAMMAM,الدمام,2022-01-22,5368,486661.0,26.4367824,50.1039991
DAMMAM,الدمام,2021-02-06,4236,483887.0,26.4367824,50.1039991
DAMMAM,الدمام,2022-03-26,6246,585514.0,26.4367824,50.1039991
DAMMAM,الدمام,2022-01-15,5650,508513.0,26.4367824,50.1039991
DAMMAM,الدمام,2021-10-23,4793,432486.0,26.4367824,50.1039991
DAMMAM,الدمام,2021-12-18,5249,486022.0,26.4367824,50.1039991
DAMMAM,الدمام,2021-10-09,5219,490390.0,26.4367824,50.1039991
DAMMAM,الدمام,2021-11-06,5478,537227.0,26.4367824,50.1039991
DAMMAM,الدمام,2020-11-28,4009,485163.0,26.4367824,50.1039991
DAMMAM,الدمام,2021-10-02,5466,577489.0,26.4367824,50.1039991
DAMMAM,الدمام,2021-08-28,5062,555802.0,26.4367824,50.1039991
DAMMAM,الدمام,2020-06-13,2666,453168.0,26.4367824,50.1039991
DAMMAM,الدمام,2020-09-19,3452,388790.0,26.4367824,50.1039991
DAMMAM,الدمام,2021-06-26,4390,441126.0,26.4367824,50.1039991
DAMMAM,الدمام,2021-02-20,3861,408570.0,26.4367824,50.1039991
DAMMAM,الدمام,2021-06-12,4715,468689.0,26.4367824,50.1039991
DAMMAM,الدمام,2020-07-18,2976,358949.0,26.4367824,50.1039991
DAMMAM,الدمام,2022-03-19,6242,586314.0,26.4367824,50.1039991
DAMMAM,الدمام,2022-01-29,5935,561060.0,26.4367824,50.1039991
DAMMAM,الدمام,2020-11-21,3713,414006.0,26.4367824,50.1039991
DAMMAM,الدمام,2021-01-30,4307,504598.0,26.4367824,50.1039991
DAMMAM,الدمام,2022-02-05,6134,575054.0,26.4367824,50.1039991
DAMMAM,الدمام,2021-06-05,4887,510441.0,26.4367824,50.1039991
DAMMAM,الدمام,2020-11-14,3898,434742.0,26.4367824,50.1039991
DAMMAM,الدمام,2021-04-10,4864,556563.0,26.4367824,50.1039991
DAMMAM,الدمام,2020-07-25,2956,368684.0,26.4367824,50.1039991
DAMMAM,الدمام,2021-12-25,5059,468845.0,26.4367824,50.1039991
DAMMAM,الدمام,2021-12-04,5967,623958.0,26.4367824,50.1039991
DAMMAM,الدمام,2021-05-22,3829,373853.0,26.4367824,50.1039991
DAMMAM,الدمام,2020-06-06,2754,461771.0,26.4367824,50.1039991
DAMMAM,الدمام,2021-05-15,4073,424415.0,26.4367824,50.1039991
DAMMAM,الدمام,2021-04-24,3588,413321.0,26.4367824,50.1039991
DAMMAM,الدمام,2021-07-31,4468,468123.0,26.4367824,50.1039991
DAMMAM,الدمام,2020-10-10,3760,423256.0,26.4367824,50.1039991
DAMMAM,الدمام,2020-09-05,3723,479555.0,26.4367824,50.1039991
DAMMAM,الدمام,2022-02-26,5761,502671.0,26.4367824,50.1039991
DAMMAM,الدمام,2020-10-03,4042,508563.0,26.4367824,50.1039991
DAMMAM,الدمام,2020-08-29,3373,468948.0,26.4367824,50.1039991
DAMMAM,الدمام,2021-07-03,5074,551251.0,26.4367824,50.1039991
DAMMAM,الدمام,2021-07-24,3469,285325.0,26.4367824,50.1039991
DAMMAM,الدمام,2020-12-05,4209,499874.0,26.4367824,50.1039991
DAMMAM,الدمام,2020-08-01,3338,427435.0,26.4367824,50.1039991
DAMMAM,الدمام,2022-03-12,6497,595352.0,26.4367824,50.1039991
DAMMAM,الدمام,2021-03-13,4348,463639.0,26.4367824,50.1039991
DAMMAM,الدمام,2020-06-27,2893,546691.0,26.4367824,50.1039991
DAMMAM,الدمام,2022-01-08,5858,564924.0,26.4367824,50.1039991
DAMMAM,الدمام,2021-08-14,4575,438477.0,26.4367824,50.1039991
DAMMAM,الدمام,2020-12-19,3812,426371.0,26.4367824,50.1039991
DAMMAM,الدمام,2021-03-06,4622,543203.0,26.4367824,50.1039991
DAMMAM,الدمام,2021-09-11,5066,478246.0,26.4367824,50.1039991
DAMMAM,الدمام,2020-06-20,2584,458358.0,26.4367824,50.1039991
DAMMAM,الدمام,2021-10-30,5391,548947.0,26.4367824,50.1039991
DAMMAM,الدمام,2020-10-17,3681,397107.0,26.4367824,50.1039991
DAMMAM,الدمام,2021-11-27,5166,500800.0,26.4367824,50.1039991
DAMMAM,الدمام,2021-03-27,4377,489749.0,26.4367824,50.1039991
DAMMAM,الدمام,2020-08-08,2744,309093.0,26.4367824,50.1039991
DAMMAM,الدمام,2021-01-09,4152,475327.0,26.4367824,50.1039991
DAMMAM,الدمام,2021-02-27,3843,422645.0,26.4367824,50.1039991
DAMMAM,الدمام,2020-07-11,3094,368907.0,26.4367824,50.1039991
DAMMAM,الدمام,2021-11-20,4969,454248.0,26.4367824,50.1039991
JEDDAH,جدة,2021-01-23,10810,1281156.0,21.5810088,39.1653612
JEDDAH,جدة,2022-04-09,15701,1525867.0,21.5810088,39.1653612
JEDDAH,جدة,2022-02-19,16984,1406664.0,21.5810088,39.1653612
JEDDAH,جدة,2022-04-02,21174,2103854.0,21.5810088,39.1653612
JEDDAH,جدة,2020-12-12,10938,1299914.0,21.5810088,39.1653612
JEDDAH,جدة,2021-04-03,14667,1858848.0,21.5810088,39.1653612
JEDDAH,جدة,2021-07-10,14954,1527437.0,21.5810088,39.1653612
JEDDAH,جدة,2021-02-13,11172,1244339.0,21.5810088,39.1653612
JEDDAH,جدة,2021-08-21,13801,1314380.0,21.5810088,39.1653612
JEDDAH,جدة,2021-08-07,14805,1452643.0,21.5810088,39.1653612
JEDDAH,جدة,2021-10-16,15579,1357063.0,21.5810088,39.1653612
JEDDAH,جدة,2020-08-15,8404,1126343.0,21.5810088,39.1653612
JEDDAH,جدة,2021-11-13,16141,1398159.0,21.5810088,39.1653612
JEDDAH,جدة,2020-11-07,10566,1310023.0,21.5810088,39.1653612
JEDDAH,جدة,2021-09-25,14707,1434275.0,21.5810088,39.1653612
JEDDAH,جدة,2020-10-31,10656,1412709.0,21.5810088,39.1653612
JEDDAH,جدة,2020-07-04,8385,1664388.0,21.5810088,39.1653612
JEDDAH,جدة,2021-01-02,13219,1757351.0,21.5810088,39.1653612
JEDDAH,جدة,2021-06-19,13445,1355000.0,21.5810088,39.1653612
JEDDAH,جدة,2021-05-29,13424,1439234.0,21.5810088,39.1653612
JEDDAH,جدة,2020-09-26,9468,1288085.0,21.5810088,39.1653612
JEDDAH,جدة,2020-12-26,10392,1253200.0,21.5810088,39.1653612
JEDDAH,جدة,2022-02-12,17517,1479721.0,21.5810088,39.1653612
JEDDAH,جدة,2021-01-16,12354,1437495.0,21.5810088,39.1653612
JEDDAH,جدة,2020-09-12,9202,1195168.0,21.5810088,39.1653612
JEDDAH,جدة,2021-05-01,13305,1766971.0,21.5810088,39.1653612
JEDDAH,جدة,2022-01-01,18692,1809506.0,21.5810088,39.1653612
JEDDAH,جدة,2022-03-05,19529,1826246.0,21.5810088,39.1653612
JEDDAH,جدة,2021-09-04,15614,1620070.0,21.5810088,39.1653612
JEDDAH,جدة,2020-10-24,9088,1089728.0,21.5810088,39.1653612
JEDDAH,جدة,2021-12-11,17079,1552933.0,21.5810088,39.1653612
JEDDAH,جدة,2021-03-20,12341,1394742.0,21.5810088,39.1653612
JEDDAH,جدة,2021-04-17,11420,1307330.0,21.5810088,39.1653612
JEDDAH,جدة,2022-01-22,16253,1410460.0,21.5810088,39.1653612
JEDDAH,جدة,2021-02-06,12144,1434289.0,21.5810088,39.1653612
JEDDAH,جدة,2022-03-26,18064,1685229.0,21.5810088,39.1653612
JEDDAH,جدة,2022-01-15,18203,1597985.0,21.5810088,39.1653612
JEDDAH,جدة,2021-10-23,14586,1286889.0,21.5810088,39.1653612
JEDDAH,جدة,2021-12-18,16234,1429013.0,21.5810088,39.1653612
JEDDAH,جدة,2021-10-09,15742,1427678.0,21.5810088,39.1653612
JEDDAH,جدة,2021-11-06,16669,1552394.0,21.5810088,39.1653612
JEDDAH,جدة,2020-11-28,10730,1359787.0,21.5810088,39.1653612
JEDDAH,جدة,2021-10-02,16345,1678117.0,21.5810088,39.1653612
JEDDAH,جدة,2021-08-28,15282,1648035.0,21.5810088,39.1653612
JEDDAH,جدة,2020-06-13,5709,983666.0,21.5810088,39.1653612
JEDDAH,جدة,2020-09-19,8903,1131769.0,21.5810088,39.1653612
JEDDAH,جدة,2021-06-26,13254,1356134.0,21.5810088,39.1653612
JEDDAH,جدة,2021-02-20,10695,1173176.0,21.5810088,39.1653612
JEDDAH,جدة,2021-06-12,14144,1426372.0,21.5810088,39.1653612
JEDDAH,جدة,2020-07-18,7811,1079228.0,21.5810088,39.1653612
JEDDAH,جدة,2022-03-19,19204,1816834.0,21.5810088,39.1653612
JEDDAH,جدة,2022-01-29,17524,1580201.0,21.5810088,39.1653612
JEDDAH,جدة,2020-11-21,9864,1162545.0,21.5810088,39.1653612
JEDDAH,جدة,2021-01-30,12209,1489774.0,21.5810088,39.1653612
JEDDAH,جدة,2022-02-05,18683,1682141.0,21.5810088,39.1653612
JEDDAH,جدة,2021-06-05,14512,1532398.0,21.5810088,39.1653612
JEDDAH,جدة,2020-11-14,10290,1220976.0,21.5810088,39.1653612
JEDDAH,جدة,2021-04-10,14058,1695883.0,21.5810088,39.1653612
JEDDAH,جدة,2020-07-25,7802,1104697.0,21.5810088,39.1653612
JEDDAH,جدة,2021-12-25,15537,1377198.0,21.5810088,39.1653612
JEDDAH,جدة,2021-12-04,19117,1936435.0,21.5810088,39.1653612
JEDDAH,جدة,2021-05-22,11618,1147789.0,21.5810088,39.1653612
JEDDAH,جدة,2020-06-06,6598,1172235.0,21.5810088,39.1653612
JEDDAH,جدة,2021-05-15,12787,1413593.0,21.5810088,39.1653612
JEDDAH,جدة,2021-04-24,10409,1215985.0,21.5810088,39.1653612
JEDDAH,جدة,2021-07-31,14560,1506003.0,21.5810088,39.1653612
JEDDAH,جدة,2020-10-10,9790,1219036.0,21.5810088,39.1653612
JEDDAH,جدة,2020-09-05,9617,1400761.0,21.5810088,39.1653612
JEDDAH,جدة,2022-02-26,17313,1518882.0,21.5810088,39.1653612
JEDDAH,جدة,2020-10-03,10330,1428476.0,21.5810088,39.1653612
JEDDAH,جدة,2020-08-29,8945,1394816.0,21.5810088,39.1653612
JEDDAH,جدة,2021-07-03,15609,1699371.0,21.5810088,39.1653612
JEDDAH,جدة,2021-07-24,11127,898075.0,21.5810088,39.1653612
JEDDAH,جدة,2020-12-05,11434,1460735.0,21.5810088,39.1653612
JEDDAH,جدة,2020-08-01,8639,1192135.0,21.5810088,39.1653612
JEDDAH,جدة,2022-03-12,19138,1713836.0,21.5810088,39.1653612
JEDDAH,جدة,2021-03-13,12716,1424004.0,21.5810088,39.1653612
JEDDAH,جدة,2020-06-27,7197,1489702.0,21.5810088,39.1653612
JEDDAH,جدة,2022-01-08,17913,1618484.0,21.5810088,39.1653612
JEDDAH,جدة,2021-08-14,14711,1410212.0,21.5810088,39.1653612
JEDDAH,جدة,2020-12-19,10522,1230734.0,21.5810088,39.1653612
JEDDAH,جدة,2021-03-06,12760,1556134.0,21.5810088,39.1653612
JEDDAH,جدة,2021-09-11,15170,1406790.0,21.5810088,39.1653612
JEDDAH,جدة,2020-06-20,5633,1004886.0,21.5810088,39.1653612
JEDDAH,جدة,2021-10-30,16178,1535014.0,21.5810088,39.1653612
JEDDAH,جدة,2020-10-17,9586,1123834.0,21.5810088,39.1653612
JEDDAH,جدة,2021-11-27,15966,1492510.0,21.5810088,39.1653612
JEDDAH,جدة,2021-03-27,12305,1438258.0,21.5810088,39.1653612
JEDDAH,جدة,2020-08-08,7785,995920.0,21.5810088,39.1653612
JEDDAH,جدة,2021-01-09,12606,1542599.0,21.5810088,39.1653612
JEDDAH,جدة,2021-02-27,10562,1197955.0,21.5810088,39.1653612
JEDDAH,جدة,2020-07-11,7961,1091050.0,21.5810088,39.1653612
JEDDAH,جدة,2021-11-20,15287,1309725.0,21.5810088,39.1653612
RIYADH,الرياض,2021-01-23,21106,2475003.0,24.638916,46.7160104
RIYADH,الرياض,2022-04-09,29391,2934736.0,24.638916,46.7160104
RIYADH,الرياض,2022-02-19,32573,2851301.0,24.638916,46.7160104
RIYADH,الرياض,2022-04-02,40335,4135326.0,24.638916,46.7160104
RIYADH,الرياض,2020-12-12,22399,2611556.0,24.638916,46.7160104
RIYADH,الرياض,2021-04-03,28548,3459379.0,24.638916,46.7160104
RIYADH,الرياض,2021-07-10,28353,2900510.0,24.638916,46.7160104
RIYADH,الرياض,2021-02-13,22039,2417377.0,24.638916,46.7160104
RIYADH,الرياض,2021-08-21,26474,2516385.0,24.638916,46.7160104
RIYADH,الرياض,2021-08-07,27873,2688947.0,24.638916,46.7160104
RIYADH,الرياض,2021-10-16,30120,2705648.0,24.638916,46.7160104
RIYADH,الرياض,2020-08-15,17571,2090226.0,24.638916,46.7160104
RIYADH,الرياض,2021-11-13,31563,2906084.0,24.638916,46.7160104
RIYADH,الرياض,2020-11-07,22184,2604009.0,24.638916,46.7160104
RIYADH,الرياض,2021-09-25,28558,2802167.0,24.638916,46.7160104
RIYADH,الرياض,2020-10-31,22748,2907882.0,24.638916,46.7160104
RIYADH,الرياض,2020-07-04,18064,3169136.0,24.638916,46.7160104
RIYADH,الرياض,2021-01-02,25968,3389615.0,24.638916,46.7160104
RIYADH,الرياض,2021-06-19,26034,2580956.0,24.638916,46.7160104
RIYADH,الرياض,2021-05-29,26328,2768077.0,24.638916,46.7160104
RIYADH,الرياض,2020-09-26,20017,2481447.0,24.638916,46.7160104
RIYADH,الرياض,2020-12-26,21351,2513065.0,24.638916,46.7160104
RIYADH,الرياض,2022-02-12,33066,2931205.0,24.638916,46.7160104
RIYADH,الرياض,2021-01-16,22874,2587717.0,24.638916,46.7160104
RIYADH,الرياض,2020-09-12,20175,2386541.0,24.638916,46.7160104
RIYADH,الرياض,2021-05-01,24663,3169823.0,24.638916,46.7160104
RIYADH,الرياض,2022-01-01,35504,3641956.0,24.638916,46.7160104
RIYADH,الرياض,2022-03-05,37013,3668046.0,24.638916,46.7160104
RIYADH,الرياض,2021-09-04,30720,3242158.0,24.638916,46.7160104
RIYADH,الرياض,2020-10-24,19566,2196524.0,24.638916,46.7160104
RIYADH,الرياض,2021-12-11,32842,3208048.0,24.638916,46.7160104
RIYADH,الرياض,2021-03-20,24533,2700881.0,24.638916,46.7160104
RIYADH,الرياض,2021-04-17,22740,2532052.0,24.638916,46.7160104
RIYADH,الرياض,2022-01-22,30581,2779578.0,24.638916,46.7160104
RIYADH,الرياض,2021-02-06,23710,2725903.0,24.638916,46.7160104
RIYADH,الرياض,2022-03-26,35326,3379132.0,24.638916,46.7160104
RIYADH,الرياض,2022-01-15,32206,2929180.0,24.638916,46.7160104
RIYADH,الرياض,2021-10-23,28478,2532482.0,24.638916,46.7160104
RIYADH,الرياض,2021-12-18,31564,2984263.0,24.638916,46.7160104
RIYADH,الرياض,2021-10-09,31112,2881115.0,24.638916,46.7160104
RIYADH,الرياض,2021-11-06,32438,3167228.0,24.638916,46.7160104
RIYADH,الرياض,2020-11-28,22446,2763045.0,24.638916,46.7160104
RIYADH,الرياض,2021-10-02,32064,3367583.0,24.638916,46.7160104
RIYADH,الرياض,2021-08-28,29664,3268995.0,24.638916,46.7160104
RIYADH,الرياض,2020-06-13,13676,2170406.0,24.638916,46.7160104
RIYADH,الرياض,2020-09-19,19461,2261451.0,24.638916,46.7160104
RIYADH,الرياض,2021-06-26,25978,2602929.0,24.638916,46.7160104
RIYADH,الرياض,2021-02-20,21386,2255027.0,24.638916,46.7160104
RIYADH,الرياض,2021-06-12,27311,2732814.0,24.638916,46.7160104
RIYADH,الرياض,2020-07-18,16782,2042373.0,24.638916,46.7160104
RIYADH,الرياض,2022-03-19,34930,3345232.0,24.638916,46.7160104
RIYADH,الرياض,2022-01-29,33581,3204249.0,24.638916,46.7160104
RIYADH,الرياض,2020-11-21,20811,2371005.0,24.638916,46.7160104
RIYADH,الرياض,2021-01-30,24228,2930775.0,24.638916,46.7160104
RIYADH,الرياض,2022-02-05,34719,3266856.0,24.638916,46.7160104
RIYADH,الرياض,2021-06-05,28048,2915268.0,24.638916,46.7160104
RIYADH,الرياض,2020-11-14,21594,2438993.0,24.638916,46.7160104
RIYADH,الرياض,2021-04-10,27393,3136181.0,24.638916,46.7160104
RIYADH,الرياض,2020-07-25,16853,2142139.0,24.638916,46.7160104
RIYADH,الرياض,2021-12-25,30255,2836717.0,24.638916,46.7160104
RIYADH,الرياض,2021-12-04,35251,3703873.0,24.638916,46.7160104
RIYADH,الرياض,2021-05-22,22007,2109702.0,24.638916,46.7160104
RIYADH,الرياض,2020-06-06,14249,2296891.0,24.638916,46.7160104
RIYADH,الرياض,2021-05-15,22333,2387652.0,24.638916,46.7160104
RIYADH,الرياض,2021-04-24,20189,2298563.0,24.638916,46.7160104
RIYADH,الرياض,2021-07-31,27329,2793053.0,24.638916,46.7160104
RIYADH,الرياض,2020-10-10,21007,2412653.0,24.638916,46.7160104
RIYADH,الرياض,2020-09-05,20795,2737090.0,24.638916,46.7160104
RIYADH,الرياض,2022-02-26,33047,2995676.0,24.638916,46.7160104
RIYADH,الرياض,2020-10-03,22278,2855006.0,24.638916,46.7160104
RIYADH,الرياض,2020-08-29,19524,2816965.0,24.638916,46.7160104
RIYADH,الرياض,2021-07-03,29840,3208795.0,24.638916,46.7160104
RIYADH,الرياض,2021-07-24,20348,1669265.0,24.638916,46.7160104
RIYADH,الرياض,2020-12-05,23933,2938474.0,24.638916,46.7160104
RIYADH,الرياض,2020-08-01,18265,2343306.0,24.638916,46.7160104
RIYADH,الرياض,2022-03-12,36822,3407626.0,24.638916,46.7160104
RIYADH,الرياض,2021-03-13,24598,2678439.0,24.638916,46.7160104
RIYADH,الرياض,2020-06-27,15610,2808244.0,24.638916,46.7160104
RIYADH,الرياض,2022-01-08,33283,3222254.0,24.638916,46.7160104
RIYADH,الرياض,2021-08-14,27699,2627460.0,24.638916,46.7160104
RIYADH,الرياض,2020-12-19,21569,2464733.0,24.638916,46.7160104
RIYADH,الرياض,2021-03-06,25263,2998935.0,24.638916,46.7160104
RIYADH,الرياض,2021-09-11,30070,2849098.0,24.638916,46.7160104
RIYADH,الرياض,2020-06-20,13388,2178505.0,24.638916,46.7160104
RIYADH,الرياض,2021-10-30,32076,3173843.0,24.638916,46.7160104
RIYADH,الرياض,2020-10-17,20395,2256691.0,24.638916,46.7160104
RIYADH,الرياض,2021-11-27,31377,3026259.0,24.638916,46.7160104
RIYADH,الرياض,2021-03-27,24928,2825880.0,24.638916,46.7160104
RIYADH,الرياض,2020-08-08,15383,1748974.0,24.638916,46.7160104
RIYADH,الرياض,2021-01-09,23332,2673901.0,24.638916,46.7160104
RIYADH,الرياض,2021-02-27,21279,2328228.0,24.638916,46.7160104
RIYADH,الرياض,2020-07-11,17080,2067246.0,24.638916,46.7160104
RIYADH,الرياض,2021-11-20,30074,2736149.0,24.638916,46.7160104
OTHER,المدن الأخرى,2021-01-23,22974,2002421.0,25.0,45.0
OTHER,المدن الأخرى,2022-04-09,38363,2757298.0,25.0,45.0
OTHER,المدن الأخرى,2022-02-19,41158,2529616.0,25.0,45.0
OTHER,المدن الأخرى,2022-04-02,55098,4482380.0,25.0,45.0
OTHER,المدن الأخرى,2020-12-12,24316,2199992.0,25.0,45.0
OTHER,المدن الأخرى,2021-04-03,33500,3377810.0,25.0,45.0
OTHER,المدن الأخرى,2021-07-10,36056,2778601.0,25.0,45.0
OTHER,المدن الأخرى,2021-02-13,26148,2191065.0,25.0,45.0
OTHER,المدن الأخرى,2021-08-21,33381,2325122.0,25.0,45.0
OTHER,المدن الأخرى,2021-08-07,37753,2798162.0,25.0,45.0
OTHER,المدن الأخرى,2021-10-16,38815,2597214.0,25.0,45.0
OTHER,المدن الأخرى,2020-08-15,19986,1936657.0,25.0,45.0
OTHER,المدن الأخرى,2021-11-13,40286,2745976.0,25.0,45.0
OTHER,المدن الأخرى,2020-11-07,23598,2253549.0,25.0,45.0
OTHER,المدن الأخرى,2021-09-25,35381,2552193.0,25.0,45.0
OTHER,المدن الأخرى,2020-10-31,25010,2656546.0,25.0,45.0
OTHER,المدن الأخرى,2020-07-04,20581,3119201.0,25.0,45.0
OTHER,المدن الأخرى,2021-01-02,29187,3043409.0,25.0,45.0
OTHER,المدن الأخرى,2021-06-19,32522,2438297.0,25.0,45.0
OTHER,المدن الأخرى,2021-05-29,33398,2823418.0,25.0,45.0
OTHER,المدن الأخرى,2020-09-26,20926,2093214.0,25.0,45.0
OTHER,المدن الأخرى,2020-12-26,22921,2086005.0,25.0,45.0
OTHER,المدن الأخرى,2022-02-12,43109,2759259.0,25.0,45.0
OTHER,المدن الأخرى,2021-01-16,26205,2251615.0,25.0,45.0
OTHER,المدن الأخرى,2020-09-12,21329,2030225.0,25.0,45.0
OTHER,المدن الأخرى,2021-05-01,31071,3189342.0,25.0,45.0
OTHER,المدن الأخرى,2022-01-01,46255,3600796.0,25.0,45.0
OTHER,المدن الأخرى,2022-03-05,49468,3711048.0,25.0,45.0
OTHER,المدن الأخرى,2021-09-04,39062,2979323.0,25.0,45.0
OTHER,المدن الأخرى,2020-10-24,20493,1861733.0,25.0,45.0
OTHER,المدن الأخرى,2021-12-11,41716,2959600.0,25.0,45.0
OTHER,المدن الأخرى,2021-03-20,28128,2390765.0,25.0,45.0
OTHER,المدن الأخرى,2021-04-17,27620,2444689.0,25.0,45.0
OTHER,المدن الأخرى,2022-01-22,38385,2562353.0,25.0,45.0
OTHER,المدن الأخرى,2021-02-06,26971,2404915.0,25.0,45.0
OTHER,المدن الأخرى,2022-03-26,44528,3130388.0,25.0,45.0
OTHER,المدن الأخرى,2022-01-15,41405,2774640.0,25.0,45.0
OTHER,المدن الأخرى,2021-10-23,35176,2345780.0,25.0,45.0
OTHER,المدن الأخرى,2021-12-18,38583,2572610.0,25.0,45.0
OTHER,المدن الأخرى,2021-10-09,39173,2736624.0,25.0,45.0
OTHER,المدن الأخرى,2021-11-06,40753,2952732.0,25.0,45.0
OTHER,المدن الأخرى,2020-11-28,24489,2472722.0,25.0,45.0
OTHER,المدن الأخرى,2021-10-02,42070,3417435.0,25.0,45.0
OTHER,المدن الأخرى,2021-08-28,38899,3180118.0,25.0,45.0
OTHER,المدن الأخرى,2020-06-13,16585,2330576.0,25.0,45.0
OTHER,المدن الأخرى,2020-09-19,20167,1879326.0,25.0,45.0
OTHER,المدن الأخرى,2021-06-26,32315,2472952.0,25.0,45.0
OTHER,المدن الأخرى,2021-02-20,25023,2071085.0,25.0,45.0
OTHER,المدن الأخرى,2021-06-12,34620,2650394.0,25.0,45.0
OTHER,المدن الأخرى,2020-07-18,18351,1866700.0,25.0,45.0
OTHER,المدن الأخرى,2022-03-19,43204,3052995.0,25.0,45.0
OTHER,المدن الأخرى,2022-01-29,44406,3240689.0,25.0,45.0
OTHER,المدن الأخرى,2020-11-21,22117,1988710.0,25.0,45.0
OTHER,المدن الأخرى,2021-01-30,27794,2702006.0,25.0,45.0
OTHER,المدن الأخرى,2022-02-05,44857,3147074.0,25.0,45.0
OTHER,المدن الأخرى,2021-06-05,34901,2823420.0,25.0,45.0
OTHER,المدن الأخرى,2020-11-14,23298,2081534.0,25.0,45.0
OTHER,المدن الأخرى,2021-04-10,31285,2875626.0,25.0,45.0
OTHER,المدن الأخرى,2020-07-25,18591,1948698.0,25.0,45.0
OTHER,المدن الأخرى,2021-12-25,36566,2449373.0,25.0,45.0
OTHER,المدن الأخرى,2021-12-04,44437,3589914.0,25.0,45.0
OTHER,المدن الأخرى,2021-05-22,28750,2149327.0,25.0,45.0
OTHER,المدن الأخرى,2020-06-06,16865,2468718.0,25.0,45.0
OTHER,المدن الأخرى,2021-05-15,33374,2708416.0,25.0,45.0
OTHER,المدن الأخرى,2021-04-24,23936,2064499.0,25.0,45.0
OTHER,المدن الأخرى,2021-07-31,39431,3178665.0,25.0,45.0
OTHER,المدن الأخرى,2020-10-10,21813,2029561.0,25.0,45.0
OTHER,المدن الأخرى,2020-09-05,21971,2314677.0,25.0,45.0
OTHER,المدن الأخرى,2022-02-26,41508,2712587.0,25.0,45.0
OTHER,المدن الأخرى,2020-10-03,24059,2601637.0,25.0,45.0
OTHER,المدن الأخرى,2020-08-29,20580,2324951.0,25.0,45.0
OTHER,المدن الأخرى,2021-07-03,38943,3335339.0,25.0,45.0
OTHER,المدن الأخرى,2021-07-24,32937,2128412.0,25.0,45.0
OTHER,المدن الأخرى,2020-12-05,25636,2497542.0,25.0,45.0
OTHER,المدن الأخرى,2020-08-01,24261,2686033.0,25.0,45.0
OTHER,المدن الأخرى,2022-03-12,47151,3165865.0,25.0,45.0
OTHER,المدن الأخرى,2021-03-13,28944,2441557.0,25.0,45.0
OTHER,المدن الأخرى,2020-06-27,17553,2701811.0,25.0,45.0
OTHER,المدن الأخرى,2022-01-08,42310,2992434.0,25.0,45.0
OTHER,المدن الأخرى,2021-08-14,37173,2664068.0,25.0,45.0
OTHER,المدن الأخرى,2020-12-19,23237,2053773.0,25.0,45.0
OTHER,المدن الأخرى,2021-03-06,30651,2991442.0,25.0,45.0
OTHER,المدن الأخرى,2021-09-11,38603,2686301.0,25.0,45.0
OTHER,المدن الأخرى,2020-06-20,15876,2286572.0,25.0,45.0
OTHER,المدن الأخرى,2021-10-30,41850,3219752.0,25.0,45.0
OTHER,المدن الأخرى,2020-10-17,21640,1920379.0,25.0,45.0
OTHER,المدن الأخرى,2021-11-27,38361,2716008.0,25.0,45.0
OTHER,المدن الأخرى,2021-03-27,28217,2507583.0,25.0,45.0
OTHER,المدن الأخرى,2020-08-08,19802,1860455.0,25.0,45.0
OTHER,المدن الأخرى,2021-01-09,25832,2311934.0,25.0,45.0
OTHER,المدن الأخرى,2021-02-27,24565,2103304.0,25.0,45.0
OTHER,المدن الأخرى,2020-07-11,19234,1959655.0,25.0,45.0
OTHER,المدن الأخرى,2021-11-20,37008,2473123.0,25.0,45.0
TABOUK,تبوك,2020-08-15,1179,108544.0,28.4012536,36.567049
TABOUK,تبوك,2020-07-04,1349,198525.0,28.4012536,36.567049
TABOUK,تبوك,2020-09-26,1351,128695.0,28.4012536,36.567049
TABOUK,تبوك,2020-09-12,1415,131585.0,28.4012536,36.567049
TABOUK,تبوك,2020-06-13,1083,136970.0,28.4012536,36.567049
TABOUK,تبوك,2020-09-19,1335,119693.0,28.4012536,36.567049
TABOUK,تبوك,2020-07-18,1133,112579.0,28.4012536,36.567049
TABOUK,تبوك,2020-06-06,1113,149848.0,28.4012536,36.567049
TABOUK,تبوك,2020-10-10,1448,127538.0,28.4012536,36.567049
TABOUK,تبوك,2020-09-05,1461,153921.0,28.4012536,36.567049
TABOUK,تبوك,2020-10-03,1685,181001.0,28.4012536,36.567049
TABOUK,تبوك,2020-08-29,1372,159928.0,28.4012536,36.567049
TABOUK,تبوك,2020-08-01,1399,153868.0,28.4012536,36.567049
TABOUK,تبوك,2020-06-27,1094,158121.0,28.4012536,36.567049
TABOUK,تبوك,2020-06-20,1014,131195.0,28.4012536,36.567049
TABOUK,تبوك,2020-08-08,1023,92867.0,28.4012536,36.567049
TABOUK,تبوك,2020-07-11,1198,117324.0,28.4012536,36.567049
