Date,Number of Transactions,Value of Transactions,Number of Terminals,English_city,Arabic_City,location_latitude,location_longitude
2016-01-31 00:00:00,14012.141,5151436.438979999,78177,Riyadh,الرياض,24.638916,46.7160104
2016-02-28 00:00:00,13494.001,4811640.21947,80579,Riyadh,الرياض,24.638916,46.7160104
2016-03-31 00:00:00,15043.344,5430064.06944,83595,Riyadh,الرياض,24.638916,46.7160104
2016-04-30 00:00:00,15220.037,5296469.73357,83339,Riyadh,الرياض,24.638916,46.7160104
2016-05-31 00:00:00,17000.912,6290777.99505,83723,Riyadh,الرياض,24.638916,46.7160104
2016-06-30 00:00:00,16482.526,6038340.1985,82876,Riyadh,الرياض,24.638916,46.7160104
2016-07-31 00:00:00,13911.18,4489801.76892,82091,Riyadh,الرياض,24.638916,46.7160104
2016-08-31 00:00:00,15920.343,5251067.04038,81654,Riyadh,الرياض,24.638916,46.7160104
2016-09-30 00:00:00,15207.649,5034778.55666,82205,Riyadh,الرياض,24.638916,46.7160104
2016-10-31 00:00:00,16930.408,5078955.410569999,82617,Riyadh,الرياض,24.638916,46.7160104
2016-11-30 00:00:00,18053.625,5356832.34328,84118,Riyadh,الرياض,24.638916,46.7160104
2016-12-31 00:00:00,19423.415,5625884.92854,85428,Riyadh,الرياض,24.638916,46.7160104
2017-01-31 00:00:00,19239.378,5486110.09721,87346,Riyadh,الرياض,24.638916,46.7160104
2017-02-28 00:00:00,17449.842,5069180.68725,88414,Riyadh,الرياض,24.638916,46.7160104
2017-03-31 00:00:00,20741.233,5824927.103189999,90150,Riyadh,الرياض,24.638916,46.7160104
2017-04-30 00:00:00,20606.891,5833211.77309,90398,Riyadh,الرياض,24.638916,46.7160104
2017-05-31 00:00:00,21576.067,6641190.80036,91479,Riyadh,الرياض,24.638916,46.7160104
2017-06-30 00:00:00,19443.663,5796948.29951071,92403,Riyadh,الرياض,24.638916,46.7160104
2017-07-31 00:00:00,18890.449,5201482.02440067,92628,Riyadh,الرياض,24.638916,46.7160104
2017-08-31 00:00:00,21413.601,5722847.21835096,91339,Riyadh,الرياض,24.638916,46.7160104
2017-09-30 00:00:00,19347.929,5385543.731,91446,Riyadh,الرياض,24.638916,46.7160104
2017-10-31 00:00:00,22918.677,5880548.089,92127,Riyadh,الرياض,24.638916,46.7160104
2017-11-30 00:00:00,23507.429,6036779.765,92638,Riyadh,الرياض,24.638916,46.7160104
2017-12-31 00:00:00,25562.293,7248257.90946127,93069,Riyadh,الرياض,24.638916,46.7160104
2018-01-31 00:00:00,24614.798,5672197.529,94498,Riyadh,الرياض,24.638916,46.7160104
2018-02-28 00:00:00,23950.286,5399383.501,95873,Riyadh,الرياض,24.638916,46.7160104
2018-03-31 00:00:00,29082.927,6813102.258,96319,Riyadh,الرياض,24.638916,46.7160104
2018-04-30 00:00:00,28796.283,6698799.756,96261,Riyadh,الرياض,24.638916,46.7160104
2018-05-31 00:00:00,29043.388,7445685.897,99051,Riyadh,الرياض,24.638916,46.7160104
2018-06-30 00:00:00,25388.708,6074575.742,99097,Riyadh,الرياض,24.638916,46.7160104
2018-07-31 00:00:00,28957.768,6381808.824441,99877,Riyadh,الرياض,24.638916,46.7160104
2018-08-31 00:00:00,28173.562,6261045.02694095,102857,Riyadh,الرياض,24.638916,46.7160104
2018-09-30 00:00:00,30264.706,6802933.55949117,105204,Riyadh,الرياض,24.638916,46.7160104
2018-10-31 00:00:00,33056.561,6717354.955,107910,Riyadh,الرياض,24.638916,46.7160104
2018-11-30 00:00:00,33612.267,6850045.542771109,107321,Riyadh,الرياض,24.638916,46.7160104
2018-12-31 00:00:00,35880.977,7582425.71292155,108339,Riyadh,الرياض,24.638916,46.7160104
2019-01-31 00:00:00,35922.799,7357616.24091166,110328,Riyadh,الرياض,24.638916,46.7160104
2019-02-28 00:00:00,33864.991,7052143.433931421,111214,Riyadh,الرياض,24.638916,46.7160104
2019-03-31 00:00:00,41248.722,8087754.905861841,112859,Riyadh,الرياض,24.638916,46.7160104
2019-04-30 00:00:00,41137.765,8194056.303841891,116328,Riyadh,الرياض,24.638916,46.7160104
2019-05-31 00:00:00,40147.652,8863828.97467172,118295,Riyadh,الرياض,24.638916,46.7160104
2019-06-30 00:00:00,37711.98,6625276.02811137,119861,Riyadh,الرياض,24.638916,46.7160104
2019-07-31 00:00:00,45176.247,7769712.65773156,123190,Riyadh,الرياض,24.638916,46.7160104
2019-08-31 00:00:00,44333.806,7693847.877291259,123219,Riyadh,الرياض,24.638916,46.7160104
2019-09-30 00:00:00,50493.244,8507789.09377165,124970,Riyadh,الرياض,24.638916,46.7160104
2019-10-31 00:00:00,56368.701,8697123.467631862,130526,Riyadh,الرياض,24.638916,46.7160104
2019-11-30 00:00:00,58175.835,8802370.601371929,132644,Riyadh,الرياض,24.638916,46.7160104
2019-12-31 00:00:00,60701.055,9427688.81787179,134914,Riyadh,الرياض,24.638916,46.7160104
2020-01-31 00:00:00,60820.246,9350796.438701851,138378,Riyadh,الرياض,24.638916,46.7160104
2020-02-29 00:00:00,60746.748,8650457.39717182,141234,Riyadh,الرياض,24.638916,46.7160104
2020-03-31 00:00:00,54457.402,7858682.8463016795,143578,Riyadh,الرياض,24.638916,46.7160104
2020-04-30 00:00:00,31534.155,4137786.69680063,148547,Riyadh,الرياض,24.638916,46.7160104
2020-05-31 00:00:00,43202.597,6734617.3033415,154294,Riyadh,الرياض,24.638916,46.7160104
2020-06-30 00:00:00,63171.086,11108177.32224,160601,Riyadh,الرياض,24.638916,46.7160104
2020-07-31 00:00:00,76914.679,9620440.3880325,167906,Riyadh,الرياض,24.638916,46.7160104
2020-08-31 00:00:00,77544.333,9813590.02291245,172262,Riyadh,الرياض,24.638916,46.7160104
2020-09-30 00:00:00,87283.01,10716856.146,181202,Riyadh,الرياض,24.638916,46.7160104
2020-10-31 00:00:00,93331.908,10882384.448,191861,Riyadh,الرياض,24.638916,46.7160104
2020-11-30 00:00:00,93821.411,11078869.2594828,203435,Riyadh,الرياض,24.638916,46.7160104
2020-12-31 00:00:00,101638.723,12254704.5191236,210766,Riyadh,الرياض,24.638916,46.7160104
2021-01-31 00:00:00,101737.125,11864629.278223401,213773,Riyadh,الرياض,24.638916,46.7160104
2021-02-28 00:00:00,88691.823,9781600.12535333,219674,Riyadh,الرياض,24.638916,46.7160104
2021-03-31 00:00:00,111853.674,12772229.4457139,228261,Riyadh,الرياض,24.638916,46.7160104
2021-04-30 00:00:00,103590.017,12042228.202,239106,Riyadh,الرياض,24.638916,46.7160104
2021-05-31 00:00:00,107313.443,11848682.580243299,242153,Riyadh,الرياض,24.638916,46.7160104
2021-06-30 00:00:00,116691.254,11893780.9056337,243035,Riyadh,الرياض,24.638916,46.7160104
2021-07-31 00:00:00,116263.293,11490192.9097232,245200,Riyadh,الرياض,24.638916,46.7160104
2021-08-31 00:00:00,124753.268,12607469.1445841,250653,Riyadh,الرياض,24.638916,46.7160104
2021-09-30 00:00:00,128283.257,12568027.08,256820,Riyadh,الرياض,24.638916,46.7160104
2016-01-31 00:00:00,6530.106,2950084.0356900003,42345,Jeddah,جدة,21.5810088,39.1653612
2016-02-28 00:00:00,5666.632,2553314.89198,43904,Jeddah,جدة,21.5810088,39.1653612
2016-03-31 00:00:00,6291.9,2896678.19997,45426,Jeddah,جدة,21.5810088,39.1653612
2016-04-30 00:00:00,6234.647,2766131.55121,46549,Jeddah,جدة,21.5810088,39.1653612
2016-05-31 00:00:00,7241.312,3361721.5876100003,47618,Jeddah,جدة,21.5810088,39.1653612
2016-06-30 00:00:00,7876.461,3659006.43439,47423,Jeddah,جدة,21.5810088,39.1653612
2016-07-31 00:00:00,6480.203,2693848.33256,47331,Jeddah,جدة,21.5810088,39.1653612
2016-08-31 00:00:00,6936.275,2962587.04919,46813,Jeddah,جدة,21.5810088,39.1653612
2016-09-30 00:00:00,6402.64,2620667.31277,46378,Jeddah,جدة,21.5810088,39.1653612
2016-10-31 00:00:00,6616.464,2620889.64714,46102,Jeddah,جدة,21.5810088,39.1653612
2016-11-30 00:00:00,7199.116,2833028.43118,46557,Jeddah,جدة,21.5810088,39.1653612
2016-12-31 00:00:00,7549.173,2863183.74992,47338,Jeddah,جدة,21.5810088,39.1653612
2017-01-31 00:00:00,8027.282,3038038.8335100003,48696,Jeddah,جدة,21.5810088,39.1653612
2017-02-28 00:00:00,7094.341,2662127.3907399997,48649,Jeddah,جدة,21.5810088,39.1653612
2017-03-31 00:00:00,8013.196,2969606.12414,49872,Jeddah,جدة,21.5810088,39.1653612
2017-04-30 00:00:00,8207.839,3034745.84961,50040,Jeddah,جدة,21.5810088,39.1653612
2017-05-31 00:00:00,8682.924,3447808.82112,51038,Jeddah,جدة,21.5810088,39.1653612
2017-06-30 00:00:00,9390.177,3634728.3590702,51511,Jeddah,جدة,21.5810088,39.1653612
2017-07-31 00:00:00,7923.457,2912427.64016016,51551,Jeddah,جدة,21.5810088,39.1653612
2017-08-31 00:00:00,8919.715,3125044.96127025,50476,Jeddah,جدة,21.5810088,39.1653612
2017-09-30 00:00:00,8041.927,2796876.881,50699,Jeddah,جدة,21.5810088,39.1653612
2017-10-31 00:00:00,8636.585,2837616.918,51393,Jeddah,جدة,21.5810088,39.1653612
2017-11-30 00:00:00,8835.666,2871012.219,51982,Jeddah,جدة,21.5810088,39.1653612
2017-12-31 00:00:00,10068.939,3541377.23189022,51568,Jeddah,جدة,21.5810088,39.1653612
2018-01-31 00:00:00,10392.722,3048720.743,52013,Jeddah,جدة,21.5810088,39.1653612
2018-02-28 00:00:00,9282.123,2691014.913,52457,Jeddah,جدة,21.5810088,39.1653612
2018-03-31 00:00:00,11262.512,3364572.056,52712,Jeddah,جدة,21.5810088,39.1653612
2018-04-30 00:00:00,11364.015,3415042.455,53129,Jeddah,جدة,21.5810088,39.1653612
2018-05-31 00:00:00,12167.56,4904239.288,54289,Jeddah,جدة,21.5810088,39.1653612
2018-06-30 00:00:00,12005.155,3634640.94798022,54607,Jeddah,جدة,21.5810088,39.1653612
2018-07-31 00:00:00,12250.6,3444648.29154037,54940,Jeddah,جدة,21.5810088,39.1653612
2018-08-31 00:00:00,12087.125,3312551.62553023,54912,Jeddah,جدة,21.5810088,39.1653612
2018-09-30 00:00:00,11823.422,3299742.41518023,56197,Jeddah,جدة,21.5810088,39.1653612
2018-10-31 00:00:00,12562.438,3162151.736,57470,Jeddah,جدة,21.5810088,39.1653612
2018-11-30 00:00:00,12987.936,3235637.5416902197,56956,Jeddah,جدة,21.5810088,39.1653612
2018-12-31 00:00:00,14810.258,3827133.8784604203,57717,Jeddah,جدة,21.5810088,39.1653612
2019-01-31 00:00:00,14691.042,3694502.8757304703,58535,Jeddah,جدة,21.5810088,39.1653612
2019-02-28 00:00:00,13379.947,3171033.79779027,59543,Jeddah,جدة,21.5810088,39.1653612
2019-03-31 00:00:00,16149.919,3918848.0189704197,60121,Jeddah,جدة,21.5810088,39.1653612
2019-04-30 00:00:00,16397.486,4115861.5871704603,61736,Jeddah,جدة,21.5810088,39.1653612
2019-05-31 00:00:00,18114.105,5006483.27555062,63114,Jeddah,جدة,21.5810088,39.1653612
2019-06-30 00:00:00,16725.352,3718256.13860042,63729,Jeddah,جدة,21.5810088,39.1653612
2019-07-31 00:00:00,19359.551,4195148.71862047,65269,Jeddah,جدة,21.5810088,39.1653612
2019-08-31 00:00:00,19532.499,4017833.85268036,63625,Jeddah,جدة,21.5810088,39.1653612
2019-09-30 00:00:00,20392.662,4183916.67222044,64517,Jeddah,جدة,21.5810088,39.1653612
2019-10-31 00:00:00,21876.243,3985544.56342044,66391,Jeddah,جدة,21.5810088,39.1653612
2019-11-30 00:00:00,22765.708,4072886.69807051,67809,Jeddah,جدة,21.5810088,39.1653612
2019-12-31 00:00:00,25036.535,4517697.80187055,68734,Jeddah,جدة,21.5810088,39.1653612
2020-01-31 00:00:00,27491.07,4937900.84156067,71004,Jeddah,جدة,21.5810088,39.1653612
2020-02-29 00:00:00,25059.777,4217971.59746055,72430,Jeddah,جدة,21.5810088,39.1653612
2020-03-31 00:00:00,22601.276,3658644.1962403697,73543,Jeddah,جدة,21.5810088,39.1653612
2020-04-30 00:00:00,14604.876,1987421.10124997,76592,Jeddah,جدة,21.5810088,39.1653612
2020-05-31 00:00:00,21545.83,3486419.11196045,79498,Jeddah,جدة,21.5810088,39.1653612
2020-06-30 00:00:00,28031.348,5525913.64204,82616,Jeddah,جدة,21.5810088,39.1653612
2020-07-31 00:00:00,35773.234,4982961.41096087,86401,Jeddah,جدة,21.5810088,39.1653612
2020-08-31 00:00:00,36837.287,5159627.15053082,89641,Jeddah,جدة,21.5810088,39.1653612
2020-09-30 00:00:00,40341.663,5433070.136,94673,Jeddah,جدة,21.5810088,39.1653612
2020-10-31 00:00:00,43638.001,5408262.722,101063,Jeddah,جدة,21.5810088,39.1653612
2020-11-30 00:00:00,44634.916,5496623.907731149,106734,Jeddah,جدة,21.5810088,39.1653612
2020-12-31 00:00:00,49718.587,6138447.7105713505,111823,Jeddah,جدة,21.5810088,39.1653612
2021-01-31 00:00:00,53303.454,6395815.88814135,114279,Jeddah,جدة,21.5810088,39.1653612
2021-02-28 00:00:00,44708.857,5078442.10326098,118175,Jeddah,جدة,21.5810088,39.1653612
2021-03-31 00:00:00,56506.506,6658339.08317166,125206,Jeddah,جدة,21.5810088,39.1653612
2021-04-30 00:00:00,53532.145,6462798.154,129159,Jeddah,جدة,21.5810088,39.1653612
2021-05-31 00:00:00,58153.234,6636978.71060142,131126,Jeddah,جدة,21.5810088,39.1653612
2021-06-30 00:00:00,60217.868,6215591.81386149,132333,Jeddah,جدة,21.5810088,39.1653612
2021-07-31 00:00:00,61999.366,6100374.07322139,133143,Jeddah,جدة,21.5810088,39.1653612
2021-08-31 00:00:00,65172.054,6567866.698391889,135749,Jeddah,جدة,21.5810088,39.1653612
2021-09-30 00:00:00,65190.182,6304859.411,138161,Jeddah,جدة,21.5810088,39.1653612
2016-01-31 00:00:00,2417.507,886004.946,15262,Dammam,الدمام,26.4367824,50.1039991
2016-02-28 00:00:00,2325.334,835284.52323,16022,Dammam,الدمام,26.4367824,50.1039991
2016-03-31 00:00:00,2590.277,945472.58297,16545,Dammam,الدمام,26.4367824,50.1039991
2016-04-30 00:00:00,2628.148,899537.32952,17149,Dammam,الدمام,26.4367824,50.1039991
2016-05-31 00:00:00,2942.013,1054628.04752,17596,Dammam,الدمام,26.4367824,50.1039991
2016-06-30 00:00:00,2956.291,1039116.6804600001,17437,Dammam,الدمام,26.4367824,50.1039991
2016-07-31 00:00:00,2410.61,773653.98708,17518,Dammam,الدمام,26.4367824,50.1039991
2016-08-31 00:00:00,2712.322,910096.13722,17596,Dammam,الدمام,26.4367824,50.1039991
2016-09-30 00:00:00,2725.726,860141.4666599999,17578,Dammam,الدمام,26.4367824,50.1039991
2016-10-31 00:00:00,2938.052,893305.1707799999,17550,Dammam,الدمام,26.4367824,50.1039991
2016-11-30 00:00:00,3094.799,926416.58415,17905,Dammam,الدمام,26.4367824,50.1039991
2016-12-31 00:00:00,3422.871,1008304.33029,18070,Dammam,الدمام,26.4367824,50.1039991
2017-01-31 00:00:00,3255.671,976794.64638,18384,Dammam,الدمام,26.4367824,50.1039991
2017-02-28 00:00:00,2946.932,868275.10485,18435,Dammam,الدمام,26.4367824,50.1039991
2017-03-31 00:00:00,3345.154,1012614.31582,18704,Dammam,الدمام,26.4367824,50.1039991
2017-04-30 00:00:00,3328.077,989319.55105,18790,Dammam,الدمام,26.4367824,50.1039991
2017-05-31 00:00:00,3550.035,1130013.70356,18887,Dammam,الدمام,26.4367824,50.1039991
2017-06-30 00:00:00,3393.125,1010275.2665399801,19073,Dammam,الدمام,26.4367824,50.1039991
2017-07-31 00:00:00,3014.635,895429.713849985,18923,Dammam,الدمام,26.4367824,50.1039991
2017-08-31 00:00:00,3479.557,986622.426989983,18590,Dammam,الدمام,26.4367824,50.1039991
2017-09-30 00:00:00,3142.287,889576.321,18581,Dammam,الدمام,26.4367824,50.1039991
2017-10-31 00:00:00,3688.458,1000442.578,18757,Dammam,الدمام,26.4367824,50.1039991
2017-11-30 00:00:00,3774.696,1020643.246,18752,Dammam,الدمام,26.4367824,50.1039991
2017-12-31 00:00:00,4206.626,1276925.03800998,18813,Dammam,الدمام,26.4367824,50.1039991
2018-01-31 00:00:00,4007.722,983092.2876,19062,Dammam,الدمام,26.4367824,50.1039991
2018-02-28 00:00:00,3892.098,919290.8411000001,19317,Dammam,الدمام,26.4367824,50.1039991
2018-03-31 00:00:00,4749.197,1178092.807,19483,Dammam,الدمام,26.4367824,50.1039991
2018-04-30 00:00:00,4736.791,1144420.288,19558,Dammam,الدمام,26.4367824,50.1039991
2018-05-31 00:00:00,4879.072,1260106.144,19803,Dammam,الدمام,26.4367824,50.1039991
2018-06-30 00:00:00,4284.389,1031546.31824998,19857,Dammam,الدمام,26.4367824,50.1039991
2018-07-31 00:00:00,4592.18,1068092.35977997,20109,Dammam,الدمام,26.4367824,50.1039991
2018-08-31 00:00:00,4700.418,1091554.20330998,20218,Dammam,الدمام,26.4367824,50.1039991
2018-09-30 00:00:00,4956.115,1122800.59156998,20771,Dammam,الدمام,26.4367824,50.1039991
2018-10-31 00:00:00,5387.401,1111625.348,21343,Dammam,الدمام,26.4367824,50.1039991
2018-11-30 00:00:00,5587.46,1165006.1278199798,20943,Dammam,الدمام,26.4367824,50.1039991
2018-12-31 00:00:00,5996.826,1309720.47658997,21058,Dammam,الدمام,26.4367824,50.1039991
2019-01-31 00:00:00,5976.61,1280903.68207998,21420,Dammam,الدمام,26.4367824,50.1039991
2019-02-28 00:00:00,5590.81,1105449.83709998,21788,Dammam,الدمام,26.4367824,50.1039991
2019-03-31 00:00:00,6777.858,1381189.04473998,21942,Dammam,الدمام,26.4367824,50.1039991
2019-04-30 00:00:00,6906.424,1391983.71996997,22459,Dammam,الدمام,26.4367824,50.1039991
2019-05-31 00:00:00,7020.504,1539834.91847998,22938,Dammam,الدمام,26.4367824,50.1039991
2019-06-30 00:00:00,6278.121,1136308.75086999,23098,Dammam,الدمام,26.4367824,50.1039991
2019-07-31 00:00:00,7368.5,1308985.62150998,23746,Dammam,الدمام,26.4367824,50.1039991
2019-08-31 00:00:00,7647.108,1338505.8881099802,23377,Dammam,الدمام,26.4367824,50.1039991
2019-09-30 00:00:00,8627.885,1442348.22565998,23610,Dammam,الدمام,26.4367824,50.1039991
2019-10-31 00:00:00,9518.756,1453304.78732998,24450,Dammam,الدمام,26.4367824,50.1039991
2019-11-30 00:00:00,9852.34,1501883.6133399701,25054,Dammam,الدمام,26.4367824,50.1039991
2019-12-31 00:00:00,10305.084,1602817.3781999801,25306,Dammam,الدمام,26.4367824,50.1039991
2020-01-31 00:00:00,10420.47,1632238.0661899801,26095,Dammam,الدمام,26.4367824,50.1039991
2020-02-29 00:00:00,10385.974,1489962.0598199798,26541,Dammam,الدمام,26.4367824,50.1039991
2020-03-31 00:00:00,9524.015,1375751.43523999,26911,Dammam,الدمام,26.4367824,50.1039991
2020-04-30 00:00:00,6323.206,813098.556129989,27785,Dammam,الدمام,26.4367824,50.1039991
2020-05-31 00:00:00,8728.715,1382692.22590997,28526,Dammam,الدمام,26.4367824,50.1039991
2020-06-30 00:00:00,12061.275,2238906.07466,29876,Dammam,الدمام,26.4367824,50.1039991
2020-07-31 00:00:00,13824.199,1709791.15676996,30756,Dammam,الدمام,26.4367824,50.1039991
2020-08-31 00:00:00,13564.363,1686960.34022997,31690,Dammam,الدمام,26.4367824,50.1039991
2020-09-30 00:00:00,15627.489,1874122.088,33285,Dammam,الدمام,26.4367824,50.1039991
2020-10-31 00:00:00,16791.115,1919198.513,35389,Dammam,الدمام,26.4367824,50.1039991
2020-11-30 00:00:00,16832.34,1962042.69685994,36718,Dammam,الدمام,26.4367824,50.1039991
2020-12-31 00:00:00,18073.291,2147853.01287994,37887,Dammam,الدمام,26.4367824,50.1039991
2021-01-31 00:00:00,18094.946,2084137.1757499499,38628,Dammam,الدمام,26.4367824,50.1039991
2021-02-28 00:00:00,16055.537,1763506.19504996,39346,Dammam,الدمام,26.4367824,50.1039991
2021-03-31 00:00:00,19837.61,2232875.14120997,40334,Dammam,الدمام,26.4367824,50.1039991
2021-04-30 00:00:00,18484.279,2157258.675,41382,Dammam,الدمام,26.4367824,50.1039991
2021-05-31 00:00:00,18991.426,2088346.79570995,41862,Dammam,الدمام,26.4367824,50.1039991
2021-06-30 00:00:00,19938.514,2037347.5582099499,42519,Dammam,الدمام,26.4367824,50.1039991
2021-07-31 00:00:00,19519.835,1942211.6484999398,43119,Dammam,الدمام,26.4367824,50.1039991
2021-08-31 00:00:00,20832.653,2114467.01561993,43672,Dammam,الدمام,26.4367824,50.1039991
2021-09-30 00:00:00,21663.409,2122726.427,44837,Dammam,الدمام,26.4367824,50.1039991
2016-01-31 00:00:00,1284.16,506332.49323,8149,AL-Madinah,المدينة المنورة,24.471153,39.6111216
2016-02-28 00:00:00,1171.035,454540.47131,8425,AL-Madinah,المدينة المنورة,24.471153,39.6111216
2016-03-31 00:00:00,1334.603,535708.403,8737,AL-Madinah,المدينة المنورة,24.471153,39.6111216
2016-04-30 00:00:00,1286.22,484420.88412,8987,AL-Madinah,المدينة المنورة,24.471153,39.6111216
2016-05-31 00:00:00,1528.05,590582.4475700001,9152,AL-Madinah,المدينة المنورة,24.471153,39.6111216
2016-06-30 00:00:00,1816.894,700988.5530900001,9252,AL-Madinah,المدينة المنورة,24.471153,39.6111216
2016-07-31 00:00:00,1466.514,514502.26752,9330,AL-Madinah,المدينة المنورة,24.471153,39.6111216
2016-08-31 00:00:00,1439.719,497090.18529,9349,AL-Madinah,المدينة المنورة,24.471153,39.6111216
2016-09-30 00:00:00,1528.895,502614.06461,9501,AL-Madinah,المدينة المنورة,24.471153,39.6111216
2016-10-31 00:00:00,1439.412,453105.61029000004,9512,AL-Madinah,المدينة المنورة,24.471153,39.6111216
2016-11-30 00:00:00,1651.736,542634.44988,9704,AL-Madinah,المدينة المنورة,24.471153,39.6111216
2016-12-31 00:00:00,1683.057,536962.94563,10035,AL-Madinah,المدينة المنورة,24.471153,39.6111216
2017-01-31 00:00:00,1715.114,550101.7569299999,10308,AL-Madinah,المدينة المنورة,24.471153,39.6111216
2017-02-28 00:00:00,1543.751,482586.9943,10323,AL-Madinah,المدينة المنورة,24.471153,39.6111216
2017-03-31 00:00:00,1762.352,548730.12241,10631,AL-Madinah,المدينة المنورة,24.471153,39.6111216
2017-04-30 00:00:00,1822.591,582180.42303,10818,AL-Madinah,المدينة المنورة,24.471153,39.6111216
2017-05-31 00:00:00,1893.67,625473.70697,11124,AL-Madinah,المدينة المنورة,24.471153,39.6111216
2017-06-30 00:00:00,2298.505,740383.573499993,11252,AL-Madinah,المدينة المنورة,24.471153,39.6111216
2017-07-31 00:00:00,1692.416,510087.014819997,11188,AL-Madinah,المدينة المنورة,24.471153,39.6111216
2017-08-31 00:00:00,2011.256,566642.485129993,11136,AL-Madinah,المدينة المنورة,24.471153,39.6111216
2017-09-30 00:00:00,1781.675,512024.557,11195,AL-Madinah,المدينة المنورة,24.471153,39.6111216
2017-10-31 00:00:00,1935.424,534107.469,11372,AL-Madinah,المدينة المنورة,24.471153,39.6111216
2017-11-30 00:00:00,2047.458,578186.6516,11339,AL-Madinah,المدينة المنورة,24.471153,39.6111216
2017-12-31 00:00:00,2302.658,696924.8531899919,11345,AL-Madinah,المدينة المنورة,24.471153,39.6111216
2018-01-31 00:00:00,2319.955,613653.203,11596,AL-Madinah,المدينة المنورة,24.471153,39.6111216
2018-02-28 00:00:00,2127.518,530224.031,11789,AL-Madinah,المدينة المنورة,24.471153,39.6111216
2018-03-31 00:00:00,2621.077,678935.568,11940,AL-Madinah,المدينة المنورة,24.471153,39.6111216
2018-04-30 00:00:00,2664.669,684328.599,12047,AL-Madinah,المدينة المنورة,24.471153,39.6111216
2018-05-31 00:00:00,2900.798,796470.3386,12334,AL-Madinah,المدينة المنورة,24.471153,39.6111216
2018-06-30 00:00:00,3095.442,806323.572159993,12432,AL-Madinah,المدينة المنورة,24.471153,39.6111216
2018-07-31 00:00:00,2789.138,656155.225739991,12628,AL-Madinah,المدينة المنورة,24.471153,39.6111216
2018-08-31 00:00:00,3086.505,716952.973309992,12778,AL-Madinah,المدينة المنورة,24.471153,39.6111216
2018-09-30 00:00:00,2868.349,656469.494649992,13185,AL-Madinah,المدينة المنورة,24.471153,39.6111216
2018-10-31 00:00:00,3117.637,639519.0126,13548,AL-Madinah,المدينة المنورة,24.471153,39.6111216
2018-11-30 00:00:00,3372.338,695402.518039991,13537,AL-Madinah,المدينة المنورة,24.471153,39.6111216
2018-12-31 00:00:00,3810.227,816217.995679986,13650,AL-Madinah,المدينة المنورة,24.471153,39.6111216
2019-01-31 00:00:00,3818.435,791707.51432999,13915,AL-Madinah,المدينة المنورة,24.471153,39.6111216
2019-02-28 00:00:00,3450.45,655670.121769984,14056,AL-Madinah,المدينة المنورة,24.471153,39.6111216
2019-03-31 00:00:00,4211.951,796499.806219989,14331,AL-Madinah,المدينة المنورة,24.471153,39.6111216
2019-04-30 00:00:00,4276.44,828432.070619986,14803,AL-Madinah,المدينة المنورة,24.471153,39.6111216
2019-05-31 00:00:00,4944.037,1082448.3663499898,15148,AL-Madinah,المدينة المنورة,24.471153,39.6111216
2019-06-30 00:00:00,4545.347,802074.235399984,15256,AL-Madinah,المدينة المنورة,24.471153,39.6111216
2019-07-31 00:00:00,4914.861,800156.182169988,15710,AL-Madinah,المدينة المنورة,24.471153,39.6111216
2019-08-31 00:00:00,5666.582,921859.018029982,15668,AL-Madinah,المدينة المنورة,24.471153,39.6111216
2019-09-30 00:00:00,5702.064,879160.898519983,15893,AL-Madinah,المدينة المنورة,24.471153,39.6111216
2019-10-31 00:00:00,6288.008,868217.4890899829,16296,AL-Madinah,المدينة المنورة,24.471153,39.6111216
2019-11-30 00:00:00,6589.271,926049.351999984,16689,AL-Madinah,المدينة المنورة,24.471153,39.6111216
2019-12-31 00:00:00,7128.124,1039583.3882999801,16969,AL-Madinah,المدينة المنورة,24.471153,39.6111216
2020-01-31 00:00:00,7678.395,1149145.28761999,17668,AL-Madinah,المدينة المنورة,24.471153,39.6111216
2020-02-29 00:00:00,7176.232,941965.3446299799,18191,AL-Madinah,المدينة المنورة,24.471153,39.6111216
2020-03-31 00:00:00,6946.798,857320.3526199841,18575,AL-Madinah,المدينة المنورة,24.471153,39.6111216
2020-04-30 00:00:00,4483.419,487940.649599998,18832,AL-Madinah,المدينة المنورة,24.471153,39.6111216
2020-05-31 00:00:00,7001.772,862598.521119984,19544,AL-Madinah,المدينة المنورة,24.471153,39.6111216
2020-06-30 00:00:00,9619.716,1380702.38717,20697,AL-Madinah,المدينة المنورة,24.471153,39.6111216
2020-07-31 00:00:00,11731.172,1158445.40115998,21822,AL-Madinah,المدينة المنورة,24.471153,39.6111216
2020-08-31 00:00:00,11857.361,1129025.61775998,22692,AL-Madinah,المدينة المنورة,24.471153,39.6111216
2020-09-30 00:00:00,12912.093,1223700.431,24146,AL-Madinah,المدينة المنورة,24.471153,39.6111216
2020-10-31 00:00:00,13912.191,1200888.727,25860,AL-Madinah,المدينة المنورة,24.471153,39.6111216
2020-11-30 00:00:00,14089.411,1225336.4514899598,27180,AL-Madinah,المدينة المنورة,24.471153,39.6111216
2020-12-31 00:00:00,15428.031,1355239.12748997,28087,AL-Madinah,المدينة المنورة,24.471153,39.6111216
2021-01-31 00:00:00,16208.019,1414454.82497996,28924,AL-Madinah,المدينة المنورة,24.471153,39.6111216
2021-02-28 00:00:00,14312.219,1146658.32813997,29674,AL-Madinah,المدينة المنورة,24.471153,39.6111216
2021-03-31 00:00:00,17942.751,1528567.42988995,30618,AL-Madinah,المدينة المنورة,24.471153,39.6111216
2021-04-30 00:00:00,16778.064,1448687.059,31726,AL-Madinah,المدينة المنورة,24.471153,39.6111216
2021-05-31 00:00:00,19113.135,1581771.0852899498,32309,AL-Madinah,المدينة المنورة,24.471153,39.6111216
2021-06-30 00:00:00,18823.541,1383477.4348699602,32782,AL-Madinah,المدينة المنورة,24.471153,39.6111216
2021-07-31 00:00:00,20307.565,1444812.28294995,33364,AL-Madinah,المدينة المنورة,24.471153,39.6111216
2021-08-31 00:00:00,20738.949,1490781.55949993,34129,AL-Madinah,المدينة المنورة,24.471153,39.6111216
2021-09-30 00:00:00,20696.455,1458178.911,34856,AL-Madinah,المدينة المنورة,24.471153,39.6111216
2016-01-31 00:00:00,1142.463,508578.65881,8918,Makkah,مكة المكرمة,21.420847,39.826869
2016-02-28 00:00:00,998.809,444487.23182,9231,Makkah,مكة المكرمة,21.420847,39.826869
2016-03-31 00:00:00,1110.015,499076.59445,9538,Makkah,مكة المكرمة,21.420847,39.826869
2016-04-30 00:00:00,1091.029,483646.82438999997,9827,Makkah,مكة المكرمة,21.420847,39.826869
2016-05-31 00:00:00,1253.075,588585.74164,10086,Makkah,مكة المكرمة,21.420847,39.826869
2016-06-30 00:00:00,1731.837,984408.26691,10254,Makkah,مكة المكرمة,21.420847,39.826869
2016-07-31 00:00:00,1265.055,536797.3783,10238,Makkah,مكة المكرمة,21.420847,39.826869
2016-08-31 00:00:00,1182.056,453529.96012,10193,Makkah,مكة المكرمة,21.420847,39.826869
2016-09-30 00:00:00,1166.833,424474.20013,10110,Makkah,مكة المكرمة,21.420847,39.826869
2016-10-31 00:00:00,1272.881,520757.68202999997,10046,Makkah,مكة المكرمة,21.420847,39.826869
2016-11-30 00:00:00,1378.927,557230.3229299999,10217,Makkah,مكة المكرمة,21.420847,39.826869
2016-12-31 00:00:00,1342.591,519450.12856,10506,Makkah,مكة المكرمة,21.420847,39.826869
2017-01-31 00:00:00,1457.084,538853.34389,10927,Makkah,مكة المكرمة,21.420847,39.826869
2017-02-28 00:00:00,1279.898,440255.00325999997,10709,Makkah,مكة المكرمة,21.420847,39.826869
2017-03-31 00:00:00,1438.563,498918.70521,10875,Makkah,مكة المكرمة,21.420847,39.826869
2017-04-30 00:00:00,1509.872,542121.9190700001,11003,Makkah,مكة المكرمة,21.420847,39.826869
2017-05-31 00:00:00,1606.786,686991.48737,11250,Makkah,مكة المكرمة,21.420847,39.826869
2017-06-30 00:00:00,2177.523,1012946.87923999,11348,Makkah,مكة المكرمة,21.420847,39.826869
2017-07-31 00:00:00,1435.345,481594.34016999503,11256,Makkah,مكة المكرمة,21.420847,39.826869
2017-08-31 00:00:00,1514.166,456650.366569995,10983,Makkah,مكة المكرمة,21.420847,39.826869
2017-09-30 00:00:00,1444.943,451595.071,11084,Makkah,مكة المكرمة,21.420847,39.826869
2017-10-31 00:00:00,1758.88,603132.411,11204,Makkah,مكة المكرمة,21.420847,39.826869
2017-11-30 00:00:00,1723.224,532361.6651999999,11348,Makkah,مكة المكرمة,21.420847,39.826869
2017-12-31 00:00:00,1846.91,605350.6632699929,11210,Makkah,مكة المكرمة,21.420847,39.826869
2018-01-31 00:00:00,1969.875,570611.4535,11396,Makkah,مكة المكرمة,21.420847,39.826869
2018-02-28 00:00:00,1747.993,491283.5478,11495,Makkah,مكة المكرمة,21.420847,39.826869
2018-03-31 00:00:00,2140.977,625661.883,11437,Makkah,مكة المكرمة,21.420847,39.826869
2018-04-30 00:00:00,2155.684,630906.2961,11639,Makkah,مكة المكرمة,21.420847,39.826869
2018-05-31 00:00:00,2688.282,1011278.065,12012,Makkah,مكة المكرمة,21.420847,39.826869
2018-06-30 00:00:00,2825.575,966612.575519995,12134,Makkah,مكة المكرمة,21.420847,39.826869
2018-07-31 00:00:00,2420.76,615323.407189989,12358,Makkah,مكة المكرمة,21.420847,39.826869
2018-08-31 00:00:00,2327.695,579085.052789994,12446,Makkah,مكة المكرمة,21.420847,39.826869
2018-09-30 00:00:00,2345.805,584913.0662999919,12685,Makkah,مكة المكرمة,21.420847,39.826869
2018-10-31 00:00:00,2653.838,645710.2511,12983,Makkah,مكة المكرمة,21.420847,39.826869
2018-11-30 00:00:00,2727.721,641979.852869989,12876,Makkah,مكة المكرمة,21.420847,39.826869
2018-12-31 00:00:00,3123.857,765835.05001999,13006,Makkah,مكة المكرمة,21.420847,39.826869
2019-01-31 00:00:00,3063.837,695267.87300999,13275,Makkah,مكة المكرمة,21.420847,39.826869
2019-02-28 00:00:00,2773.111,598443.7411199909,13450,Makkah,مكة المكرمة,21.420847,39.826869
2019-03-31 00:00:00,3394.438,715477.909029987,13637,Makkah,مكة المكرمة,21.420847,39.826869
2019-04-30 00:00:00,3395.319,749485.7292099809,14072,Makkah,مكة المكرمة,21.420847,39.826869
2019-05-31 00:00:00,4744.786,1378812.86338998,14573,Makkah,مكة المكرمة,21.420847,39.826869
2019-06-30 00:00:00,3775.449,796074.982139991,14697,Makkah,مكة المكرمة,21.420847,39.826869
2019-07-31 00:00:00,3979.51,717923.763099989,15213,Makkah,مكة المكرمة,21.420847,39.826869
2019-08-31 00:00:00,4220.346,777600.2014799891,14845,Makkah,مكة المكرمة,21.420847,39.826869
2019-09-30 00:00:00,4604.432,828110.8712799819,14940,Makkah,مكة المكرمة,21.420847,39.826869
2019-10-31 00:00:00,5085.155,840603.497749982,15531,Makkah,مكة المكرمة,21.420847,39.826869
2019-11-30 00:00:00,5248.757,840580.035549988,15840,Makkah,مكة المكرمة,21.420847,39.826869
2019-12-31 00:00:00,5829.825,971131.8136199791,16259,Makkah,مكة المكرمة,21.420847,39.826869
2020-01-31 00:00:00,6614.5,1062036.55988998,16892,Makkah,مكة المكرمة,21.420847,39.826869
2020-02-29 00:00:00,5975.722,862423.46614998,17581,Makkah,مكة المكرمة,21.420847,39.826869
2020-03-31 00:00:00,5496.32,733873.401529989,17980,Makkah,مكة المكرمة,21.420847,39.826869
2020-04-30 00:00:00,3651.629,441595.816839998,18401,Makkah,مكة المكرمة,21.420847,39.826869
2020-05-31 00:00:00,4653.493,502834.556499995,18942,Makkah,مكة المكرمة,21.420847,39.826869
2020-06-30 00:00:00,7024.396,1011703.14192,20023,Makkah,مكة المكرمة,21.420847,39.826869
2020-07-31 00:00:00,8441.61,840710.681889981,21129,Makkah,مكة المكرمة,21.420847,39.826869
2020-08-31 00:00:00,8911.308,868329.881129978,22041,Makkah,مكة المكرمة,21.420847,39.826869
2020-09-30 00:00:00,9912.328,933723.5216,23548,Makkah,مكة المكرمة,21.420847,39.826869
2020-10-31 00:00:00,10818.937,958513.1921,25672,Makkah,مكة المكرمة,21.420847,39.826869
2020-11-30 00:00:00,11451.714,1002765.62062996,27232,Makkah,مكة المكرمة,21.420847,39.826869
2020-12-31 00:00:00,12884.313,1128461.1913299698,28294,Makkah,مكة المكرمة,21.420847,39.826869
2021-01-31 00:00:00,13939.962,1172509.22403996,29093,Makkah,مكة المكرمة,21.420847,39.826869
2021-02-28 00:00:00,12716.155,1010782.27698997,29912,Makkah,مكة المكرمة,21.420847,39.826869
2021-03-31 00:00:00,15762.094,1329782.01944994,31067,Makkah,مكة المكرمة,21.420847,39.826869
2021-04-30 00:00:00,15347.547,1451986.529,32443,Makkah,مكة المكرمة,21.420847,39.826869
2021-05-31 00:00:00,16876.78,1574838.66185996,32942,Makkah,مكة المكرمة,21.420847,39.826869
2021-06-30 00:00:00,16503.225,1192465.37522996,33374,Makkah,مكة المكرمة,21.420847,39.826869
2021-07-31 00:00:00,17359.623,1152983.65903995,33925,Makkah,مكة المكرمة,21.420847,39.826869
2021-08-31 00:00:00,18793.63,1333111.71318994,34561,Makkah,مكة المكرمة,21.420847,39.826869
2021-09-30 00:00:00,19043.174,1315386.589,35427,Makkah,مكة المكرمة,21.420847,39.826869
2016-01-31 00:00:00,1206.037,382219.12281000003,6735,Buraidah,بريدة,26.331667,43.971667
2016-02-28 00:00:00,1153.307,357159.16745999997,6983,Buraidah,بريدة,26.331667,43.971667
2016-03-31 00:00:00,1293.152,401485.64560000005,7315,Buraidah,بريدة,26.331667,43.971667
2016-04-30 00:00:00,1298.716,394039.84959,7354,Buraidah,بريدة,26.331667,43.971667
2016-05-31 00:00:00,1491.519,482010.55517,7531,Buraidah,بريدة,26.331667,43.971667
2016-06-30 00:00:00,1482.705,461283.23085000005,7576,Buraidah,بريدة,26.331667,43.971667
2016-07-31 00:00:00,1262.002,365172.29238999996,7619,Buraidah,بريدة,26.331667,43.971667
2016-08-31 00:00:00,1369.698,416828.88281,7688,Buraidah,بريدة,26.331667,43.971667
2016-09-30 00:00:00,1391.015,369779.99944,7764,Buraidah,بريدة,26.331667,43.971667
2016-10-31 00:00:00,1467.571,392888.89408999996,7811,Buraidah,بريدة,26.331667,43.971667
2016-11-30 00:00:00,1611.725,428547.48322000005,7986,Buraidah,بريدة,26.331667,43.971667
2016-12-31 00:00:00,1651.354,418595.35098000005,8144,Buraidah,بريدة,26.331667,43.971667
2017-01-31 00:00:00,1588.375,393763.69569,8273,Buraidah,بريدة,26.331667,43.971667
2017-02-28 00:00:00,1451.119,363978.74225,8376,Buraidah,بريدة,26.331667,43.971667
2017-03-31 00:00:00,1699.295,414770.9526,8433,Buraidah,بريدة,26.331667,43.971667
2017-04-30 00:00:00,1670.641,416970.10576,8459,Buraidah,بريدة,26.331667,43.971667
2017-05-31 00:00:00,1810.546,483695.33814999997,8511,Buraidah,بريدة,26.331667,43.971667
2017-06-30 00:00:00,1762.419,435247.010209998,8644,Buraidah,بريدة,26.331667,43.971667
2017-07-31 00:00:00,1569.495,401128.738459998,8654,Buraidah,بريدة,26.331667,43.971667
2017-08-31 00:00:00,1854.152,452582.869179996,8487,Buraidah,بريدة,26.331667,43.971667
2017-09-30 00:00:00,1673.929,384666.92,8437,Buraidah,بريدة,26.331667,43.971667
2017-10-31 00:00:00,1899.982,431370.376,8543,Buraidah,بريدة,26.331667,43.971667
2017-11-30 00:00:00,2005.267,448595.19289999997,8717,Buraidah,بريدة,26.331667,43.971667
2017-12-31 00:00:00,2157.664,521029.808269995,8559,Buraidah,بريدة,26.331667,43.971667
2018-01-31 00:00:00,2044.422,431465.9652,8681,Buraidah,بريدة,26.331667,43.971667
2018-02-28 00:00:00,1983.386,409714.82,8896,Buraidah,بريدة,26.331667,43.971667
2018-03-31 00:00:00,2490.16,525689.644,8727,Buraidah,بريدة,26.331667,43.971667
2018-04-30 00:00:00,2452.095,508117.8992,8791,Buraidah,بريدة,26.331667,43.971667
2018-05-31 00:00:00,2608.864,582342.8343,8994,Buraidah,بريدة,26.331667,43.971667
2018-06-30 00:00:00,2467.293,509021.646309997,8981,Buraidah,بريدة,26.331667,43.971667
2018-07-31 00:00:00,2478.861,498744.966609992,8999,Buraidah,بريدة,26.331667,43.971667
2018-08-31 00:00:00,2698.164,519804.098089994,9144,Buraidah,بريدة,26.331667,43.971667
2018-09-30 00:00:00,2674.332,516605.557139998,9379,Buraidah,بريدة,26.331667,43.971667
2018-10-31 00:00:00,2884.824,516393.8961,9585,Buraidah,بريدة,26.331667,43.971667
2018-11-30 00:00:00,2950.384,521289.410419995,9644,Buraidah,بريدة,26.331667,43.971667
2018-12-31 00:00:00,3209.55,575348.669409991,9682,Buraidah,بريدة,26.331667,43.971667
2019-01-31 00:00:00,3182.786,549276.8204599901,9963,Buraidah,بريدة,26.331667,43.971667
2019-02-28 00:00:00,2909.709,464151.525419997,9896,Buraidah,بريدة,26.331667,43.971667
2019-03-31 00:00:00,3587.266,597603.431679991,10015,Buraidah,بريدة,26.331667,43.971667
2019-04-30 00:00:00,3637.551,632583.412979991,10319,Buraidah,بريدة,26.331667,43.971667
2019-05-31 00:00:00,3739.65,696049.0167,10529,Buraidah,بريدة,26.331667,43.971667
2019-06-30 00:00:00,3475.766,549733.206619995,10540,Buraidah,بريدة,26.331667,43.971667
2019-07-31 00:00:00,3949.183,600490.473679994,10804,Buraidah,بريدة,26.331667,43.971667
2019-08-31 00:00:00,4468.842,624394.3650799921,10889,Buraidah,بريدة,26.331667,43.971667
2019-09-30 00:00:00,4675.692,661338.534869993,10753,Buraidah,بريدة,26.331667,43.971667
2019-10-31 00:00:00,5224.379,664288.286079991,11147,Buraidah,بريدة,26.331667,43.971667
2019-11-30 00:00:00,5418.314,697518.84698999,11463,Buraidah,بريدة,26.331667,43.971667
2019-12-31 00:00:00,5591.006,737450.7426899901,11665,Buraidah,بريدة,26.331667,43.971667
2020-01-31 00:00:00,5750.429,725799.9737699911,11883,Buraidah,بريدة,26.331667,43.971667
2020-02-29 00:00:00,5689.944,679471.83098999,12174,Buraidah,بريدة,26.331667,43.971667
2020-03-31 00:00:00,5856.169,720992.066669994,12448,Buraidah,بريدة,26.331667,43.971667
2020-04-30 00:00:00,4567.099,566347.0517999949,12695,Buraidah,بريدة,26.331667,43.971667
2020-05-31 00:00:00,5140.216,661419.7264699921,13119,Buraidah,بريدة,26.331667,43.971667
2020-06-30 00:00:00,7288.804,1124514.48785,13816,Buraidah,بريدة,26.331667,43.971667
2020-07-31 00:00:00,8532.509,856398.418279981,14325,Buraidah,بريدة,26.331667,43.971667
2020-08-31 00:00:00,8232.624,819329.0669699879,14785,Buraidah,بريدة,26.331667,43.971667
2020-09-30 00:00:00,8645.369,878245.3413,15566,Buraidah,بريدة,26.331667,43.971667
2020-10-31 00:00:00,9204.008,889240.4287,16666,Buraidah,بريدة,26.331667,43.971667
2020-11-30 00:00:00,9168.075,892429.940459978,17417,Buraidah,بريدة,26.331667,43.971667
2020-12-31 00:00:00,9927.967,987781.714739977,18072,Buraidah,بريدة,26.331667,43.971667
2021-01-31 00:00:00,9998.969,955792.518769974,18529,Buraidah,بريدة,26.331667,43.971667
2021-02-28 00:00:00,8735.2,802710.940859977,19156,Buraidah,بريدة,26.331667,43.971667
2021-03-31 00:00:00,11024.182,1072095.92685998,19642,Buraidah,بريدة,26.331667,43.971667
2021-04-30 00:00:00,10171.106,989551.6647999999,20308,Buraidah,بريدة,26.331667,43.971667
2021-05-31 00:00:00,11201.99,1017133.4261699701,20522,Buraidah,بريدة,26.331667,43.971667
2021-06-30 00:00:00,11293.088,967146.665839968,20772,Buraidah,بريدة,26.331667,43.971667
2021-07-31 00:00:00,12094.269,978720.307329972,21067,Buraidah,بريدة,26.331667,43.971667
2021-08-31 00:00:00,11975.086,999658.566829968,21495,Buraidah,بريدة,26.331667,43.971667
2021-09-30 00:00:00,12180.214,1011276.346,22076,Buraidah,بريدة,26.331667,43.971667
2016-01-31 00:00:00,633.138,201842.58516999998,3733,Tabuk,تبوك,28.3251866,37.6328648
2016-02-28 00:00:00,637.729,200123.88217,3842,Tabuk,تبوك,28.3251866,37.6328648
2016-03-31 00:00:00,680.898,213570.15243000002,3999,Tabuk,تبوك,28.3251866,37.6328648
2016-04-30 00:00:00,730.531,222411.33695,4163,Tabuk,تبوك,28.3251866,37.6328648
2016-05-31 00:00:00,851.996,270940.96910000005,4355,Tabuk,تبوك,28.3251866,37.6328648
2016-06-30 00:00:00,897.619,255029.9362,4368,Tabuk,تبوك,28.3251866,37.6328648
2016-07-31 00:00:00,659.536,168435.46831,4399,Tabuk,تبوك,28.3251866,37.6328648
2016-08-31 00:00:00,792.797,217646.36136,4412,Tabuk,تبوك,28.3251866,37.6328648
2016-09-30 00:00:00,819.147,208552.07334,4420,Tabuk,تبوك,28.3251866,37.6328648
2016-10-31 00:00:00,904.528,216275.82259,4442,Tabuk,تبوك,28.3251866,37.6328648
2016-11-30 00:00:00,965.893,232798.11349000002,4561,Tabuk,تبوك,28.3251866,37.6328648
2016-12-31 00:00:00,1019.567,231139.59146999998,4776,Tabuk,تبوك,28.3251866,37.6328648
2017-01-31 00:00:00,953.364,223934.88731999998,4943,Tabuk,تبوك,28.3251866,37.6328648
2017-02-28 00:00:00,917.844,216100.71878,5023,Tabuk,تبوك,28.3251866,37.6328648
2017-03-31 00:00:00,1045.02,240302.26027,5171,Tabuk,تبوك,28.3251866,37.6328648
2017-04-30 00:00:00,1020.804,239181.03231,5219,Tabuk,تبوك,28.3251866,37.6328648
2017-05-31 00:00:00,1124.341,319006.85108999995,5228,Tabuk,تبوك,28.3251866,37.6328648
2017-06-30 00:00:00,1070.684,236995.07144,5294,Tabuk,تبوك,28.3251866,37.6328648
2017-07-31 00:00:00,906.877,196886.12557,5319,Tabuk,تبوك,28.3251866,37.6328648
2017-08-31 00:00:00,1115.372,244566.1553,5287,Tabuk,تبوك,28.3251866,37.6328648
2017-09-30 00:00:00,1064.088,227615.419,5304,Tabuk,تبوك,28.3251866,37.6328648
2017-10-31 00:00:00,1270.012,262418.116,5370,Tabuk,تبوك,28.3251866,37.6328648
2017-11-30 00:00:00,1285.517,272924.436,5383,Tabuk,تبوك,28.3251866,37.6328648
2017-12-31 00:00:00,1377.781,304360.843529999,5411,Tabuk,تبوك,28.3251866,37.6328648
2018-01-31 00:00:00,1275.956,258372.819,5463,Tabuk,تبوك,28.3251866,37.6328648
2018-02-28 00:00:00,1279.577,250502.21,5579,Tabuk,تبوك,28.3251866,37.6328648
2018-03-31 00:00:00,1586.03,322051.0361,5613,Tabuk,تبوك,28.3251866,37.6328648
2018-04-30 00:00:00,1565.261,319704.24689999997,5728,Tabuk,تبوك,28.3251866,37.6328648
2018-05-31 00:00:00,1646.316,351053.37960000004,5880,Tabuk,تبوك,28.3251866,37.6328648
2018-06-30 00:00:00,1422.286,270515.283399999,5883,Tabuk,تبوك,28.3251866,37.6328648
2018-07-31 00:00:00,1540.221,291331.094659999,6001,Tabuk,تبوك,28.3251866,37.6328648
2018-08-31 00:00:00,1622.964,308873.002149999,6047,Tabuk,تبوك,28.3251866,37.6328648
2018-09-30 00:00:00,1772.57,320380.060529998,6228,Tabuk,تبوك,28.3251866,37.6328648
2018-10-31 00:00:00,1944.356,338323.30010000005,6477,Tabuk,تبوك,28.3251866,37.6328648
2018-11-30 00:00:00,1965.409,340915.81756999803,6476,Tabuk,تبوك,28.3251866,37.6328648
2018-12-31 00:00:00,2029.453,360335.004089998,6561,Tabuk,تبوك,28.3251866,37.6328648
2019-01-31 00:00:00,2011.152,349711.23372,6757,Tabuk,تبوك,28.3251866,37.6328648
2019-02-28 00:00:00,1909.722,316457.854369998,6898,Tabuk,تبوك,28.3251866,37.6328648
2019-03-31 00:00:00,2329.571,393382.606819997,7075,Tabuk,تبوك,28.3251866,37.6328648
2019-04-30 00:00:00,2377.18,415115.928369997,7219,Tabuk,تبوك,28.3251866,37.6328648
2019-05-31 00:00:00,2528.323,448842.1007,7380,Tabuk,تبوك,28.3251866,37.6328648
2019-06-30 00:00:00,2166.238,316728.799519998,7486,Tabuk,تبوك,28.3251866,37.6328648
2019-07-31 00:00:00,2582.139,382065.422909998,7725,Tabuk,تبوك,28.3251866,37.6328648
2019-08-31 00:00:00,2708.387,395744.711309997,7778,Tabuk,تبوك,28.3251866,37.6328648
2019-09-30 00:00:00,3062.381,439414.499579996,7991,Tabuk,تبوك,28.3251866,37.6328648
2019-10-31 00:00:00,3364.539,442509.14235999796,8335,Tabuk,تبوك,28.3251866,37.6328648
2019-11-30 00:00:00,3421.512,446146.14868999796,8483,Tabuk,تبوك,28.3251866,37.6328648
2019-12-31 00:00:00,3583.375,475805.500829996,8559,Tabuk,تبوك,28.3251866,37.6328648
2020-01-31 00:00:00,3342.996,442156.462149997,8841,Tabuk,تبوك,28.3251866,37.6328648
2020-02-29 00:00:00,3575.251,433972.70079999696,8984,Tabuk,تبوك,28.3251866,37.6328648
2020-03-31 00:00:00,3683.117,474447.57390999596,9209,Tabuk,تبوك,28.3251866,37.6328648
2020-04-30 00:00:00,2811.691,320949.90092999797,9442,Tabuk,تبوك,28.3251866,37.6328648
2020-05-31 00:00:00,3805.673,478682.11638999596,9671,Tabuk,تبوك,28.3251866,37.6328648
2020-06-30 00:00:00,4792.446,679134.1075,10250,Tabuk,تبوك,28.3251866,37.6328648
2020-07-31 00:00:00,5423.774,560338.1589699939,10732,Tabuk,تبوك,28.3251866,37.6328648
2020-08-31 00:00:00,5252.415,525879.062449993,11228,Tabuk,تبوك,28.3251866,37.6328648
2020-09-30 00:00:00,6145.844,601734.4302000001,11914,Tabuk,تبوك,28.3251866,37.6328648
2020-10-31 00:00:00,6602.15,603675.8166,12765,Tabuk,تبوك,28.3251866,37.6328648
2020-11-30 00:00:00,6710.247,633062.505309989,13385,Tabuk,تبوك,28.3251866,37.6328648
2020-12-31 00:00:00,7130.203,655978.8341899851,13899,Tabuk,تبوك,28.3251866,37.6328648
2021-01-31 00:00:00,6866.087,613207.20106999,14308,Tabuk,تبوك,28.3251866,37.6328648
2021-02-28 00:00:00,6432.479,541599.3635299931,14659,Tabuk,تبوك,28.3251866,37.6328648
2021-03-31 00:00:00,8350.423,742606.6442099791,15136,Tabuk,تبوك,28.3251866,37.6328648
2021-04-30 00:00:00,7862.354,705875.3157,15627,Tabuk,تبوك,28.3251866,37.6328648
2021-05-31 00:00:00,8225.576,699101.557039984,15952,Tabuk,تبوك,28.3251866,37.6328648
2021-06-30 00:00:00,8882.877,691310.475829988,16101,Tabuk,تبوك,28.3251866,37.6328648
2021-07-31 00:00:00,9027.768,679050.644279983,16319,Tabuk,تبوك,28.3251866,37.6328648
2021-08-31 00:00:00,10019.624,745712.20890998,16798,Tabuk,تبوك,28.3251866,37.6328648
2021-09-30 00:00:00,10449.382,755644.634,17315,Tabuk,تبوك,28.3251866,37.6328648
2016-01-31 00:00:00,576.028,182664.0115,4008,Hail,حائل,26.9920987,41.4892578
2016-02-28 00:00:00,554.786,174048.28236,4261,Hail,حائل,26.9920987,41.4892578
2016-03-31 00:00:00,627.314,198450.27234999998,4505,Hail,حائل,26.9920987,41.4892578
2016-04-30 00:00:00,634.799,198678.64263999998,4654,Hail,حائل,26.9920987,41.4892578
2016-05-31 00:00:00,734.271,241450.23287,4811,Hail,حائل,26.9920987,41.4892578
2016-06-30 00:00:00,757.155,241768.36330000003,4819,Hail,حائل,26.9920987,41.4892578
2016-07-31 00:00:00,659.936,189937.95994,4829,Hail,حائل,26.9920987,41.4892578
2016-08-31 00:00:00,739.14,211669.69816,4916,Hail,حائل,26.9920987,41.4892578
2016-09-30 00:00:00,744.834,186802.22668000002,5022,Hail,حائل,26.9920987,41.4892578
2016-10-31 00:00:00,783.964,198592.47722,5109,Hail,حائل,26.9920987,41.4892578
2016-11-30 00:00:00,826.531,211650.93971,5264,Hail,حائل,26.9920987,41.4892578
2016-12-31 00:00:00,868.754,209581.20059999998,5450,Hail,حائل,26.9920987,41.4892578
2017-01-31 00:00:00,847.421,206007.54924000002,5631,Hail,حائل,26.9920987,41.4892578
2017-02-28 00:00:00,805.072,189108.99411000003,5736,Hail,حائل,26.9920987,41.4892578
2017-03-31 00:00:00,943.242,223888.80046,5896,Hail,حائل,26.9920987,41.4892578
2017-04-30 00:00:00,948.684,227456.34459999998,5961,Hail,حائل,26.9920987,41.4892578
2017-05-31 00:00:00,996.943,262860.53834,6070,Hail,حائل,26.9920987,41.4892578
2017-06-30 00:00:00,999.82,241243.50475,6154,Hail,حائل,26.9920987,41.4892578
2017-07-31 00:00:00,930.369,218846.81158,6086,Hail,حائل,26.9920987,41.4892578
2017-08-31 00:00:00,1104.987,246587.59146,6009,Hail,حائل,26.9920987,41.4892578
2017-09-30 00:00:00,941.2,197674.39,6016,Hail,حائل,26.9920987,41.4892578
2017-10-31 00:00:00,1081.176,228930.673,6067,Hail,حائل,26.9920987,41.4892578
2017-11-30 00:00:00,1126.772,242406.4333,6146,Hail,حائل,26.9920987,41.4892578
2017-12-31 00:00:00,1189.548,266532.09016,6073,Hail,حائل,26.9920987,41.4892578
2018-01-31 00:00:00,1154.485,229609.92990000002,6133,Hail,حائل,26.9920987,41.4892578
2018-02-28 00:00:00,1123.517,218225.6575,6290,Hail,حائل,26.9920987,41.4892578
2018-03-31 00:00:00,1407.349,287891.5801,6240,Hail,حائل,26.9920987,41.4892578
2018-04-30 00:00:00,1382.194,283837.6092,6347,Hail,حائل,26.9920987,41.4892578
2018-05-31 00:00:00,1418.237,318732.9416,6516,Hail,حائل,26.9920987,41.4892578
2018-06-30 00:00:00,1405.985,289002.89746999904,6480,Hail,حائل,26.9920987,41.4892578
2018-07-31 00:00:00,1486.73,294847.71541,6541,Hail,حائل,26.9920987,41.4892578
2018-08-31 00:00:00,1583.459,295644.96771,6659,Hail,حائل,26.9920987,41.4892578
2018-09-30 00:00:00,1526.792,277151.96374000004,6877,Hail,حائل,26.9920987,41.4892578
2018-10-31 00:00:00,1669.561,294671.7522,7035,Hail,حائل,26.9920987,41.4892578
2018-11-30 00:00:00,1654.494,290222.65538999997,7013,Hail,حائل,26.9920987,41.4892578
2018-12-31 00:00:00,1774.671,316005.893949998,7041,Hail,حائل,26.9920987,41.4892578
2019-01-31 00:00:00,1794.634,306064.09949,7203,Hail,حائل,26.9920987,41.4892578
2019-02-28 00:00:00,1630.719,271269.915419999,7320,Hail,حائل,26.9920987,41.4892578
2019-03-31 00:00:00,2037.675,349602.442349998,7482,Hail,حائل,26.9920987,41.4892578
2019-04-30 00:00:00,2032.461,366595.199649998,7732,Hail,حائل,26.9920987,41.4892578
2019-05-31 00:00:00,2168.233,414466.32276,7844,Hail,حائل,26.9920987,41.4892578
2019-06-30 00:00:00,2034.148,325419.730269999,7919,Hail,حائل,26.9920987,41.4892578
2019-07-31 00:00:00,2308.736,359137.58294999803,8196,Hail,حائل,26.9920987,41.4892578
2019-08-31 00:00:00,2522.204,371247.834329998,8281,Hail,حائل,26.9920987,41.4892578
2019-09-30 00:00:00,2555.99,371047.486289998,8379,Hail,حائل,26.9920987,41.4892578
2019-10-31 00:00:00,2846.292,396777.147039999,8683,Hail,حائل,26.9920987,41.4892578
2019-11-30 00:00:00,2902.034,407005.659889996,8831,Hail,حائل,26.9920987,41.4892578
2019-12-31 00:00:00,3064.345,434321.867409997,9061,Hail,حائل,26.9920987,41.4892578
2020-01-31 00:00:00,3114.943,427995.951719996,9340,Hail,حائل,26.9920987,41.4892578
2020-02-29 00:00:00,3072.192,396886.69965999597,9570,Hail,حائل,26.9920987,41.4892578
2020-03-31 00:00:00,3234.226,444658.568469998,9826,Hail,حائل,26.9920987,41.4892578
2020-04-30 00:00:00,2779.634,394614.802519997,10009,Hail,حائل,26.9920987,41.4892578
2020-05-31 00:00:00,3206.052,442344.341989999,10311,Hail,حائل,26.9920987,41.4892578
2020-06-30 00:00:00,4279.3,661023.14209,10952,Hail,حائل,26.9920987,41.4892578
2020-07-31 00:00:00,5253.313,570930.2883399939,11528,Hail,حائل,26.9920987,41.4892578
2020-08-31 00:00:00,4915.405,499276.506719995,12167,Hail,حائل,26.9920987,41.4892578
2020-09-30 00:00:00,5241.183,536491.287,12867,Hail,حائل,26.9920987,41.4892578
2020-10-31 00:00:00,5712.783,557597.8216,13780,Hail,حائل,26.9920987,41.4892578
2020-11-30 00:00:00,5873.785,579336.9364599921,14563,Hail,حائل,26.9920987,41.4892578
2020-12-31 00:00:00,6281.907,616584.235109987,15253,Hail,حائل,26.9920987,41.4892578
2021-01-31 00:00:00,6415.575,607459.691029989,15833,Hail,حائل,26.9920987,41.4892578
2021-02-28 00:00:00,5666.844,522210.505459991,16446,Hail,حائل,26.9920987,41.4892578
2021-03-31 00:00:00,7446.879,708721.934649989,16944,Hail,حائل,26.9920987,41.4892578
2021-04-30 00:00:00,6830.531,659111.1947,17533,Hail,حائل,26.9920987,41.4892578
2021-05-31 00:00:00,7781.272,684180.729039985,17863,Hail,حائل,26.9920987,41.4892578
2021-06-30 00:00:00,7942.208,652284.873659989,18159,Hail,حائل,26.9920987,41.4892578
2021-07-31 00:00:00,8762.629,678124.4793799879,18424,Hail,حائل,26.9920987,41.4892578
2021-08-31 00:00:00,8587.98,654539.585589986,19027,Hail,حائل,26.9920987,41.4892578
2021-09-30 00:00:00,8777.166,657958.584,19448,Hail,حائل,26.9920987,41.4892578
2016-01-31 00:00:00,519.386,171254.84396,2805,Abha,أبها,18.2164282,42.5043596
2016-02-28 00:00:00,517.346,167532.88306999998,2928,Abha,أبها,18.2164282,42.5043596
2016-03-31 00:00:00,585.748,191625.15197,3053,Abha,أبها,18.2164282,42.5043596
2016-04-30 00:00:00,581.124,180940.499,3077,Abha,أبها,18.2164282,42.5043596
2016-05-31 00:00:00,687.791,234804.36863999997,3123,Abha,أبها,18.2164282,42.5043596
2016-06-30 00:00:00,736.794,233495.77047,3082,Abha,أبها,18.2164282,42.5043596
2016-07-31 00:00:00,663.473,191397.14917,3110,Abha,أبها,18.2164282,42.5043596
2016-08-31 00:00:00,769.106,240818.85723,3195,Abha,أبها,18.2164282,42.5043596
2016-09-30 00:00:00,701.948,206196.65303,3229,Abha,أبها,18.2164282,42.5043596
2016-10-31 00:00:00,664.776,182115.09840000002,3243,Abha,أبها,18.2164282,42.5043596
2016-11-30 00:00:00,649.406,181612.28576,3281,Abha,أبها,18.2164282,42.5043596
2016-12-31 00:00:00,686.999,183946.54608,3385,Abha,أبها,18.2164282,42.5043596
2017-01-31 00:00:00,680.353,188916.81886000003,3463,Abha,أبها,18.2164282,42.5043596
2017-02-28 00:00:00,616.177,174050.97071,3504,Abha,أبها,18.2164282,42.5043596
2017-03-31 00:00:00,732.426,199011.34374,3559,Abha,أبها,18.2164282,42.5043596
2017-04-30 00:00:00,748.075,212783.7025,3567,Abha,أبها,18.2164282,42.5043596
2017-05-31 00:00:00,809.255,250016.69607,3593,Abha,أبها,18.2164282,42.5043596
2017-06-30 00:00:00,865.436,231687.69033,3637,Abha,أبها,18.2164282,42.5043596
2017-07-31 00:00:00,855.681,237162.29568,3636,Abha,أبها,18.2164282,42.5043596
2017-08-31 00:00:00,1055.476,281595.791049999,3616,Abha,أبها,18.2164282,42.5043596
2017-09-30 00:00:00,791.035,209826.507,3601,Abha,أبها,18.2164282,42.5043596
2017-10-31 00:00:00,834.519,216648.995,3693,Abha,أبها,18.2164282,42.5043596
2017-11-30 00:00:00,856.78,224280.1396,3744,Abha,أبها,18.2164282,42.5043596
2017-12-31 00:00:00,902.218,246079.38892,3767,Abha,أبها,18.2164282,42.5043596
2018-01-31 00:00:00,815.926,211227.0991,3697,Abha,أبها,18.2164282,42.5043596
2018-02-28 00:00:00,841.56,206759.9553,3766,Abha,أبها,18.2164282,42.5043596
2018-03-31 00:00:00,1078.114,272011.3012,3757,Abha,أبها,18.2164282,42.5043596
2018-04-30 00:00:00,1115.039,277098.8521,3878,Abha,أبها,18.2164282,42.5043596
2018-05-31 00:00:00,1143.64,304647.2267,4049,Abha,أبها,18.2164282,42.5043596
2018-06-30 00:00:00,1203.249,271858.9466,4057,Abha,أبها,18.2164282,42.5043596
2018-07-31 00:00:00,1458.568,325667.79897999903,4142,Abha,أبها,18.2164282,42.5043596
2018-08-31 00:00:00,1492.272,329460.35083,4196,Abha,أبها,18.2164282,42.5043596
2018-09-30 00:00:00,1219.517,271660.19713999896,4330,Abha,أبها,18.2164282,42.5043596
2018-10-31 00:00:00,1299.561,265863.7556,4449,Abha,أبها,18.2164282,42.5043596
2018-11-30 00:00:00,1304.468,264558.17315,4459,Abha,أبها,18.2164282,42.5043596
2018-12-31 00:00:00,1345.732,268994.19535000005,4455,Abha,أبها,18.2164282,42.5043596
2019-01-31 00:00:00,1357.961,266356.25648,4547,Abha,أبها,18.2164282,42.5043596
2019-02-28 00:00:00,1307.732,242706.033879999,4654,Abha,أبها,18.2164282,42.5043596
2019-03-31 00:00:00,1649.89,309909.44950999896,4764,Abha,أبها,18.2164282,42.5043596
2019-04-30 00:00:00,1662.641,324687.28245999996,4935,Abha,أبها,18.2164282,42.5043596
2019-05-31 00:00:00,1798.604,359419.21344,5030,Abha,أبها,18.2164282,42.5043596
2019-06-30 00:00:00,1846.788,309683.891509998,5102,Abha,أبها,18.2164282,42.5043596
2019-07-31 00:00:00,2459.056,404501.158669998,5360,Abha,أبها,18.2164282,42.5043596
2019-08-31 00:00:00,2549.945,400500.760919999,5383,Abha,أبها,18.2164282,42.5043596
2019-09-30 00:00:00,2283.639,344572.448579998,5468,Abha,أبها,18.2164282,42.5043596
2019-10-31 00:00:00,2499.016,345910.552339998,5638,Abha,أبها,18.2164282,42.5043596
2019-11-30 00:00:00,2549.191,347213.058599999,5786,Abha,أبها,18.2164282,42.5043596
2019-12-31 00:00:00,2699.904,363574.94154,5880,Abha,أبها,18.2164282,42.5043596
2020-01-31 00:00:00,2473.676,345787.266979998,6075,Abha,أبها,18.2164282,42.5043596
2020-02-29 00:00:00,2803.307,354007.844829997,6166,Abha,أبها,18.2164282,42.5043596
2020-03-31 00:00:00,2694.294,360509.629289999,6320,Abha,أبها,18.2164282,42.5043596
2020-04-30 00:00:00,1988.749,277537.739849999,6527,Abha,أبها,18.2164282,42.5043596
2020-05-31 00:00:00,2445.214,347925.014019999,6719,Abha,أبها,18.2164282,42.5043596
2020-06-30 00:00:00,4284.253,586459.59702,7091,Abha,أبها,18.2164282,42.5043596
2020-07-31 00:00:00,5896.322,646217.1685499919,7488,Abha,أبها,18.2164282,42.5043596
2020-08-31 00:00:00,5754.448,599520.600579997,7842,Abha,أبها,18.2164282,42.5043596
2020-09-30 00:00:00,4945.954,515204.63289999997,8259,Abha,أبها,18.2164282,42.5043596
2020-10-31 00:00:00,4995.158,490088.0134,8763,Abha,أبها,18.2164282,42.5043596
2020-11-30 00:00:00,4887.64,474886.028409997,9124,Abha,أبها,18.2164282,42.5043596
2020-12-31 00:00:00,5054.349,486755.724129995,9482,Abha,أبها,18.2164282,42.5043596
2021-01-31 00:00:00,4759.345,439917.60820999596,9794,Abha,أبها,18.2164282,42.5043596
2021-02-28 00:00:00,4502.396,394111.977949998,9959,Abha,أبها,18.2164282,42.5043596
2021-03-31 00:00:00,5996.388,550667.271029997,10227,Abha,أبها,18.2164282,42.5043596
2021-04-30 00:00:00,5692.308,535365.3445,10562,Abha,أبها,18.2164282,42.5043596
2021-05-31 00:00:00,7081.798,629155.6883699921,10960,Abha,أبها,18.2164282,42.5043596
2021-06-30 00:00:00,8890.379,742396.854139988,11300,Abha,أبها,18.2164282,42.5043596
2021-07-31 00:00:00,9787.087,808481.5515099879,11592,Abha,أبها,18.2164282,42.5043596
2021-08-31 00:00:00,9612.123,778522.0700799851,12021,Abha,أبها,18.2164282,42.5043596
2021-09-30 00:00:00,7915.475,597195.81,12207,Abha,أبها,18.2164282,42.5043596
2016-01-31 00:00:00,258.713,111347.97048999999,2096,Jazan,جازان,17.333333,42.666667
2016-02-28 00:00:00,238.723,103840.16468999999,2199,Jazan,جازان,17.333333,42.666667
2016-03-31 00:00:00,262.125,115436.65334,2331,Jazan,جازان,17.333333,42.666667
2016-04-30 00:00:00,257.468,107768.31546,2401,Jazan,جازان,17.333333,42.666667
2016-05-31 00:00:00,321.412,143644.67394,2463,Jazan,جازان,17.333333,42.666667
2016-06-30 00:00:00,358.743,148994.87684,2514,Jazan,جازان,17.333333,42.666667
2016-07-31 00:00:00,279.046,101553.74018000001,2508,Jazan,جازان,17.333333,42.666667
2016-08-31 00:00:00,325.961,131241.73609,2445,Jazan,جازان,17.333333,42.666667
2016-09-30 00:00:00,348.444,120490.62978,2466,Jazan,جازان,17.333333,42.666667
2016-10-31 00:00:00,336.728,123528.36008,2456,Jazan,جازان,17.333333,42.666667
2016-11-30 00:00:00,381.062,136009.60017,2525,Jazan,جازان,17.333333,42.666667
2016-12-31 00:00:00,405.087,138764.5915,2689,Jazan,جازان,17.333333,42.666667
2017-01-31 00:00:00,416.99,141405.26231999998,2727,Jazan,جازان,17.333333,42.666667
2017-02-28 00:00:00,389.505,127135.56788,2756,Jazan,جازان,17.333333,42.666667
2017-03-31 00:00:00,437.663,147635.73898,2836,Jazan,جازان,17.333333,42.666667
2017-04-30 00:00:00,433.297,146255.60441,2851,Jazan,جازان,17.333333,42.666667
2017-05-31 00:00:00,462.043,169610.77778,2892,Jazan,جازان,17.333333,42.666667
2017-06-30 00:00:00,522.125,168783.99863999998,2940,Jazan,جازان,17.333333,42.666667
2017-07-31 00:00:00,392.047,132162.14526000002,2920,Jazan,جازان,17.333333,42.666667
2017-08-31 00:00:00,529.473,168824.24093,2890,Jazan,جازان,17.333333,42.666667
2017-09-30 00:00:00,452.283,135621.573,2884,Jazan,جازان,17.333333,42.666667
2017-10-31 00:00:00,486.518,153304.178,2927,Jazan,جازان,17.333333,42.666667
2017-11-30 00:00:00,515.505,166256.4255,2934,Jazan,جازان,17.333333,42.666667
2017-12-31 00:00:00,578.1,189977.56667,2953,Jazan,جازان,17.333333,42.666667
2018-01-31 00:00:00,611.68,183999.7577,2969,Jazan,جازان,17.333333,42.666667
2018-02-28 00:00:00,556.198,158496.7292,3023,Jazan,جازان,17.333333,42.666667
2018-03-31 00:00:00,684.294,198082.368,3029,Jazan,جازان,17.333333,42.666667
2018-04-30 00:00:00,690.344,206121.38569999998,3080,Jazan,جازان,17.333333,42.666667
2018-05-31 00:00:00,725.664,237312.07,3211,Jazan,جازان,17.333333,42.666667
2018-06-30 00:00:00,703.512,201903.29222,3227,Jazan,جازان,17.333333,42.666667
2018-07-31 00:00:00,671.144,195891.3765,3265,Jazan,جازان,17.333333,42.666667
2018-08-31 00:00:00,796.755,222769.29988,3271,Jazan,جازان,17.333333,42.666667
2018-09-30 00:00:00,750.826,196698.92816,3361,Jazan,جازان,17.333333,42.666667
2018-10-31 00:00:00,803.63,208594.4175,3479,Jazan,جازان,17.333333,42.666667
2018-11-30 00:00:00,870.972,225221.05422999998,3441,Jazan,جازان,17.333333,42.666667
2018-12-31 00:00:00,953.112,252761.41043000002,3506,Jazan,جازان,17.333333,42.666667
2019-01-31 00:00:00,969.726,242249.39978,3581,Jazan,جازان,17.333333,42.666667
2019-02-28 00:00:00,873.616,208475.41383,3598,Jazan,جازان,17.333333,42.666667
2019-03-31 00:00:00,1078.584,258775.03746000098,3645,Jazan,جازان,17.333333,42.666667
2019-04-30 00:00:00,1058.297,270151.25729000004,3767,Jazan,جازان,17.333333,42.666667
2019-05-31 00:00:00,1132.402,310742.96142,3861,Jazan,جازان,17.333333,42.666667
2019-06-30 00:00:00,955.955,203863.430069999,3905,Jazan,جازان,17.333333,42.666667
2019-07-31 00:00:00,1121.509,244547.99708,4063,Jazan,جازان,17.333333,42.666667
2019-08-31 00:00:00,1306.567,268905.155919999,4026,Jazan,جازان,17.333333,42.666667
2019-09-30 00:00:00,1346.813,267520.59047,4108,Jazan,جازان,17.333333,42.666667
2019-10-31 00:00:00,1488.097,281450.93948,4287,Jazan,جازان,17.333333,42.666667
2019-11-30 00:00:00,1556.573,286119.578749999,4449,Jazan,جازان,17.333333,42.666667
2019-12-31 00:00:00,1777.009,326195.595969998,4630,Jazan,جازان,17.333333,42.666667
2020-01-31 00:00:00,1939.777,353206.97873999795,4855,Jazan,جازان,17.333333,42.666667
2020-02-29 00:00:00,1848.406,309752.71726,5002,Jazan,جازان,17.333333,42.666667
2020-03-31 00:00:00,1675.223,302697.291659999,5152,Jazan,جازان,17.333333,42.666667
2020-04-30 00:00:00,1265.942,248791.32012000002,5296,Jazan,جازان,17.333333,42.666667
2020-05-31 00:00:00,1702.046,314892.805419998,5543,Jazan,جازان,17.333333,42.666667
2020-06-30 00:00:00,2295.884,469930.58615,5904,Jazan,جازان,17.333333,42.666667
2020-07-31 00:00:00,2936.01,404824.263979998,6443,Jazan,جازان,17.333333,42.666667
2020-08-31 00:00:00,2823.614,353327.531569998,6757,Jazan,جازان,17.333333,42.666667
2020-09-30 00:00:00,3112.089,386299.3945,7234,Jazan,جازان,17.333333,42.666667
2020-10-31 00:00:00,3417.195,405133.6005,7749,Jazan,جازان,17.333333,42.666667
2020-11-30 00:00:00,3636.722,422015.603169998,8135,Jazan,جازان,17.333333,42.666667
2020-12-31 00:00:00,4056.617,465277.032969997,8564,Jazan,جازان,17.333333,42.666667
2021-01-31 00:00:00,4263.765,466329.828289995,8852,Jazan,جازان,17.333333,42.666667
2021-02-28 00:00:00,3652.818,378910.04899999796,9047,Jazan,جازان,17.333333,42.666667
2021-03-31 00:00:00,4704.818,511340.52059999696,9509,Jazan,جازان,17.333333,42.666667
2021-04-30 00:00:00,4261.718,476870.65030000004,9886,Jazan,جازان,17.333333,42.666667
2021-05-31 00:00:00,4791.622,475247.455829999,10093,Jazan,جازان,17.333333,42.666667
2021-06-30 00:00:00,4907.932,439339.309789994,10279,Jazan,جازان,17.333333,42.666667
2021-07-31 00:00:00,5539.931,469536.912589996,10426,Jazan,جازان,17.333333,42.666667
2021-08-31 00:00:00,5777.253,490528.257459994,10524,Jazan,جازان,17.333333,42.666667
2021-09-30 00:00:00,5780.828,474718.978,10780,Jazan,جازان,17.333333,42.666667
2016-01-31 00:00:00,357.892,112261.80606999999,2272,Najran,نجران,18.0,45.666667
2016-02-28 00:00:00,360.923,109069.27804,2417,Najran,نجران,18.0,45.666667
2016-03-31 00:00:00,393.816,123212.54145,2509,Najran,نجران,18.0,45.666667
2016-04-30 00:00:00,395.127,115696.58068000001,2579,Najran,نجران,18.0,45.666667
2016-05-31 00:00:00,446.56,137557.85074000002,2686,Najran,نجران,18.0,45.666667
2016-06-30 00:00:00,502.975,154301.4928,2619,Najran,نجران,18.0,45.666667
2016-07-31 00:00:00,412.114,114491.63001000001,2654,Najran,نجران,18.0,45.666667
2016-08-31 00:00:00,418.672,119584.20973999999,2678,Najran,نجران,18.0,45.666667
2016-09-30 00:00:00,437.938,112407.27673,2696,Najran,نجران,18.0,45.666667
2016-10-31 00:00:00,479.831,117558.66661,2749,Najran,نجران,18.0,45.666667
2016-11-30 00:00:00,475.958,122101.85474,2841,Najran,نجران,18.0,45.666667
2016-12-31 00:00:00,528.751,127915.13503,2876,Najran,نجران,18.0,45.666667
2017-01-31 00:00:00,518.624,128768.58903,2936,Najran,نجران,18.0,45.666667
2017-02-28 00:00:00,485.203,119359.7752,2938,Najran,نجران,18.0,45.666667
2017-03-31 00:00:00,567.932,134644.26131,2980,Najran,نجران,18.0,45.666667
2017-04-30 00:00:00,546.175,128028.80856,2994,Najran,نجران,18.0,45.666667
2017-05-31 00:00:00,589.69,155208.01446,3039,Najran,نجران,18.0,45.666667
2017-06-30 00:00:00,657.054,163792.90699000002,3101,Najran,نجران,18.0,45.666667
2017-07-31 00:00:00,510.921,124957.22097,3132,Najran,نجران,18.0,45.666667
2017-08-31 00:00:00,641.694,151106.87868999998,3113,Najran,نجران,18.0,45.666667
2017-09-30 00:00:00,570.745,122260.772,3144,Najran,نجران,18.0,45.666667
2017-10-31 00:00:00,618.019,136366.638,3194,Najran,نجران,18.0,45.666667
2017-11-30 00:00:00,633.024,143741.5174,3254,Najran,نجران,18.0,45.666667
2017-12-31 00:00:00,699.564,164362.58847,3272,Najran,نجران,18.0,45.666667
2018-01-31 00:00:00,653.945,141004.553,3285,Najran,نجران,18.0,45.666667
2018-02-28 00:00:00,658.525,136311.952,3352,Najran,نجران,18.0,45.666667
2018-03-31 00:00:00,812.705,169947.9196,3384,Najran,نجران,18.0,45.666667
2018-04-30 00:00:00,797.042,167493.746,3489,Najran,نجران,18.0,45.666667
2018-05-31 00:00:00,856.995,195291.4667,3603,Najran,نجران,18.0,45.666667
2018-06-30 00:00:00,843.291,179453.0878,3612,Najran,نجران,18.0,45.666667
2018-07-31 00:00:00,813.645,167225.14512,3649,Najran,نجران,18.0,45.666667
2018-08-31 00:00:00,921.589,180724.30622,3676,Najran,نجران,18.0,45.666667
2018-09-30 00:00:00,927.834,173771.1171,3745,Najran,نجران,18.0,45.666667
2018-10-31 00:00:00,982.944,176685.4499,3832,Najran,نجران,18.0,45.666667
2018-11-30 00:00:00,1005.394,180183.81576,3831,Najran,نجران,18.0,45.666667
2018-12-31 00:00:00,1041.882,189298.99262,3871,Najran,نجران,18.0,45.666667
2019-01-31 00:00:00,1077.31,195127.04058,3953,Najran,نجران,18.0,45.666667
2019-02-28 00:00:00,1024.089,172426.56266,4041,Najran,نجران,18.0,45.666667
2019-03-31 00:00:00,1232.402,211456.88688,4138,Najran,نجران,18.0,45.666667
2019-04-30 00:00:00,1199.929,207914.817060001,4265,Najran,نجران,18.0,45.666667
2019-05-31 00:00:00,1406.955,268683.02294,4385,Najran,نجران,18.0,45.666667
2019-06-30 00:00:00,1208.653,191319.69443,4393,Najran,نجران,18.0,45.666667
2019-07-31 00:00:00,1353.446,211576.74316999997,4500,Najran,نجران,18.0,45.666667
2019-08-31 00:00:00,1570.17,228998.69269999999,4490,Najran,نجران,18.0,45.666667
2019-09-30 00:00:00,1625.172,228632.57312000002,4558,Najran,نجران,18.0,45.666667
2019-10-31 00:00:00,1762.698,236639.537780001,4745,Najran,نجران,18.0,45.666667
2019-11-30 00:00:00,1783.848,238606.616769999,4879,Najran,نجران,18.0,45.666667
2019-12-31 00:00:00,1894.861,256857.74671,4965,Najran,نجران,18.0,45.666667
2020-01-31 00:00:00,1840.415,250731.21756999902,5172,Najran,نجران,18.0,45.666667
2020-02-29 00:00:00,1989.678,243932.922809999,5342,Najran,نجران,18.0,45.666667
2020-03-31 00:00:00,2134.219,277743.65839,5469,Najran,نجران,18.0,45.666667
2020-04-30 00:00:00,1935.521,262160.89967,5563,Najran,نجران,18.0,45.666667
2020-05-31 00:00:00,2226.92,288019.350399999,5763,Najran,نجران,18.0,45.666667
2020-06-30 00:00:00,2681.931,381915.52131,6081,Najran,نجران,18.0,45.666667
2020-07-31 00:00:00,3204.207,336386.40497000003,6305,Najran,نجران,18.0,45.666667
2020-08-31 00:00:00,3063.139,307279.151219999,6572,Najran,نجران,18.0,45.666667
2020-09-30 00:00:00,3202.274,335070.3072,7020,Najran,نجران,18.0,45.666667
2020-10-31 00:00:00,3423.598,338946.7008,7495,Najran,نجران,18.0,45.666667
2020-11-30 00:00:00,3405.126,336807.538839999,7797,Najran,نجران,18.0,45.666667
2020-12-31 00:00:00,3622.632,357613.52161999897,8091,Najran,نجران,18.0,45.666667
2021-01-31 00:00:00,3584.76,348722.378399999,8420,Najran,نجران,18.0,45.666667
2021-02-28 00:00:00,3360.138,304384.04845999903,8677,Najran,نجران,18.0,45.666667
2021-03-31 00:00:00,4229.196,400536.136279997,9059,Najran,نجران,18.0,45.666667
2021-04-30 00:00:00,4188.527,403094.3163,9423,Najran,نجران,18.0,45.666667
2021-05-31 00:00:00,4626.356,410643.088729997,9742,Najran,نجران,18.0,45.666667
2021-06-30 00:00:00,4648.817,378031.50202999596,10086,Najran,نجران,18.0,45.666667
2021-07-31 00:00:00,5314.104,411016.386859997,10271,Najran,نجران,18.0,45.666667
2021-08-31 00:00:00,5443.351,413589.76127999596,10578,Najran,نجران,18.0,45.666667
2021-09-30 00:00:00,5546.849,409910.978,10898,Najran,نجران,18.0,45.666667
2016-01-31 00:00:00,143.346,50298.5935,1136,Skaka,سكاكا,29.9784008,40.2047701
2016-02-28 00:00:00,144.446,52171.09378,1188,Skaka,سكاكا,29.9784008,40.2047701
2016-03-31 00:00:00,154.402,57017.06797,1246,Skaka,سكاكا,29.9784008,40.2047701
2016-04-30 00:00:00,162.948,59409.17704,1274,Skaka,سكاكا,29.9784008,40.2047701
2016-05-31 00:00:00,177.516,67827.11563,1315,Skaka,سكاكا,29.9784008,40.2047701
2016-06-30 00:00:00,184.139,64273.07019,1278,Skaka,سكاكا,29.9784008,40.2047701
2016-07-31 00:00:00,157.416,50018.963859999996,1292,Skaka,سكاكا,29.9784008,40.2047701
2016-08-31 00:00:00,174.672,58612.55449,1298,Skaka,سكاكا,29.9784008,40.2047701
2016-09-30 00:00:00,177.407,52696.048969999996,1318,Skaka,سكاكا,29.9784008,40.2047701
2016-10-31 00:00:00,187.607,55348.90429,1330,Skaka,سكاكا,29.9784008,40.2047701
2016-11-30 00:00:00,202.405,63777.2525,1391,Skaka,سكاكا,29.9784008,40.2047701
2016-12-31 00:00:00,213.271,59349.18197,1430,Skaka,سكاكا,29.9784008,40.2047701
2017-01-31 00:00:00,218.092,60859.62983,1458,Skaka,سكاكا,29.9784008,40.2047701
2017-02-28 00:00:00,206.216,56241.89764,1507,Skaka,سكاكا,29.9784008,40.2047701
2017-03-31 00:00:00,229.064,63229.96269,1567,Skaka,سكاكا,29.9784008,40.2047701
2017-04-30 00:00:00,229.68,66966.06820000001,1589,Skaka,سكاكا,29.9784008,40.2047701
2017-05-31 00:00:00,244.929,75702.98256,1567,Skaka,سكاكا,29.9784008,40.2047701
2017-06-30 00:00:00,263.311,74711.7198600001,1575,Skaka,سكاكا,29.9784008,40.2047701
2017-07-31 00:00:00,212.127,59951.11247,1579,Skaka,سكاكا,29.9784008,40.2047701
2017-08-31 00:00:00,264.476,72677.5913900001,1575,Skaka,سكاكا,29.9784008,40.2047701
2017-09-30 00:00:00,229.855,57780.511,1581,Skaka,سكاكا,29.9784008,40.2047701
2017-10-31 00:00:00,275.145,71342.786,1616,Skaka,سكاكا,29.9784008,40.2047701
2017-11-30 00:00:00,281.722,74789.28683,1617,Skaka,سكاكا,29.9784008,40.2047701
2017-12-31 00:00:00,305.242,82732.95853,1615,Skaka,سكاكا,29.9784008,40.2047701
2018-01-31 00:00:00,288.749,70856.77333,1661,Skaka,سكاكا,29.9784008,40.2047701
2018-02-28 00:00:00,284.137,67568.31008,1694,Skaka,سكاكا,29.9784008,40.2047701
2018-03-31 00:00:00,356.165,89763.5842,1726,Skaka,سكاكا,29.9784008,40.2047701
2018-04-30 00:00:00,357.2,93642.69659,1764,Skaka,سكاكا,29.9784008,40.2047701
2018-05-31 00:00:00,378.926,102528.24040000001,1840,Skaka,سكاكا,29.9784008,40.2047701
2018-06-30 00:00:00,384.243,95602.2036299999,1847,Skaka,سكاكا,29.9784008,40.2047701
2018-07-31 00:00:00,380.9,94247.5473200001,1867,Skaka,سكاكا,29.9784008,40.2047701
2018-08-31 00:00:00,422.151,98384.6086200002,1902,Skaka,سكاكا,29.9784008,40.2047701
2018-09-30 00:00:00,419.786,92669.8680600003,1989,Skaka,سكاكا,29.9784008,40.2047701
2018-10-31 00:00:00,463.933,103453.66320000001,2051,Skaka,سكاكا,29.9784008,40.2047701
2018-11-30 00:00:00,467.466,107448.57093,2069,Skaka,سكاكا,29.9784008,40.2047701
2018-12-31 00:00:00,505.976,111343.16470000001,2096,Skaka,سكاكا,29.9784008,40.2047701
2019-01-31 00:00:00,507.619,105102.52127,2143,Skaka,سكاكا,29.9784008,40.2047701
2019-02-28 00:00:00,459.819,93386.1577300002,2174,Skaka,سكاكا,29.9784008,40.2047701
2019-03-31 00:00:00,578.153,123705.85925,2226,Skaka,سكاكا,29.9784008,40.2047701
2019-04-30 00:00:00,590.83,132398.29098,2314,Skaka,سكاكا,29.9784008,40.2047701
2019-05-31 00:00:00,655.434,146255.3386,2370,Skaka,سكاكا,29.9784008,40.2047701
2019-06-30 00:00:00,590.068,111787.71517,2412,Skaka,سكاكا,29.9784008,40.2047701
2019-07-31 00:00:00,662.313,126978.84490000001,2507,Skaka,سكاكا,29.9784008,40.2047701
2019-08-31 00:00:00,747.507,131705.30879,2502,Skaka,سكاكا,29.9784008,40.2047701
2019-09-30 00:00:00,816.534,140202.35612,2543,Skaka,سكاكا,29.9784008,40.2047701
2019-10-31 00:00:00,936.666,152809.87391,2631,Skaka,سكاكا,29.9784008,40.2047701
2019-11-30 00:00:00,970.959,162310.58093999999,2651,Skaka,سكاكا,29.9784008,40.2047701
2019-12-31 00:00:00,1020.88,165726.05578999998,2719,Skaka,سكاكا,29.9784008,40.2047701
2020-01-31 00:00:00,1024.166,161165.29213,2794,Skaka,سكاكا,29.9784008,40.2047701
2020-02-29 00:00:00,1063.462,156883.17964,2875,Skaka,سكاكا,29.9784008,40.2047701
2020-03-31 00:00:00,1101.495,176353.78259000002,2965,Skaka,سكاكا,29.9784008,40.2047701
2020-04-30 00:00:00,1006.477,165221.47575,3079,Skaka,سكاكا,29.9784008,40.2047701
2020-05-31 00:00:00,1188.277,189109.03957,3241,Skaka,سكاكا,29.9784008,40.2047701
2020-06-30 00:00:00,1552.506,280178.29627,3483,Skaka,سكاكا,29.9784008,40.2047701
2020-07-31 00:00:00,1847.345,218816.02905,3750,Skaka,سكاكا,29.9784008,40.2047701
2020-08-31 00:00:00,1776.597,202523.21876,3955,Skaka,سكاكا,29.9784008,40.2047701
2020-09-30 00:00:00,1997.06,219814.3707,4194,Skaka,سكاكا,29.9784008,40.2047701
2020-10-31 00:00:00,2188.334,232234.862,4446,Skaka,سكاكا,29.9784008,40.2047701
2020-11-30 00:00:00,2163.433,240448.747319999,4636,Skaka,سكاكا,29.9784008,40.2047701
2020-12-31 00:00:00,2360.944,256532.32899,4847,Skaka,سكاكا,29.9784008,40.2047701
2021-01-31 00:00:00,2344.491,248949.11665,4984,Skaka,سكاكا,29.9784008,40.2047701
2021-02-28 00:00:00,2120.764,214652.86305999898,5144,Skaka,سكاكا,29.9784008,40.2047701
2021-03-31 00:00:00,2763.326,287846.084869999,5337,Skaka,سكاكا,29.9784008,40.2047701
2021-04-30 00:00:00,2585.29,270684.75669999997,5549,Skaka,سكاكا,29.9784008,40.2047701
2021-05-31 00:00:00,2822.065,273805.5707,5688,Skaka,سكاكا,29.9784008,40.2047701
2021-06-30 00:00:00,2891.153,258021.721569999,5853,Skaka,سكاكا,29.9784008,40.2047701
2021-07-31 00:00:00,3154.307,269806.46067,5978,Skaka,سكاكا,29.9784008,40.2047701
2021-08-31 00:00:00,3250.51,275343.61029000004,6152,Skaka,سكاكا,29.9784008,40.2047701
2021-09-30 00:00:00,3365.355,279835.203,6321,Skaka,سكاكا,29.9784008,40.2047701
2016-01-31 00:00:00,104.21,36816.56142,793,Arar,عرعر,30.916667,41.5
2016-02-28 00:00:00,101.718,37100.7103,834,Arar,عرعر,30.916667,41.5
2016-03-31 00:00:00,110.967,41814.0262,906,Arar,عرعر,30.916667,41.5
2016-04-30 00:00:00,117.864,44189.826310000004,921,Arar,عرعر,30.916667,41.5
2016-05-31 00:00:00,133.5,49644.21334,986,Arar,عرعر,30.916667,41.5
2016-06-30 00:00:00,136.08,45549.633780000004,967,Arar,عرعر,30.916667,41.5
2016-07-31 00:00:00,125.219,37565.89695,979,Arar,عرعر,30.916667,41.5
2016-08-31 00:00:00,144.908,46590.91777,999,Arar,عرعر,30.916667,41.5
2016-09-30 00:00:00,132.554,39515.100340000005,1017,Arar,عرعر,30.916667,41.5
2016-10-31 00:00:00,145.276,44502.31988,1013,Arar,عرعر,30.916667,41.5
2016-11-30 00:00:00,161.658,48302.61952,1063,Arar,عرعر,30.916667,41.5
2016-12-31 00:00:00,159.395,46189.8096,1107,Arar,عرعر,30.916667,41.5
2017-01-31 00:00:00,156.538,45055.50089,1171,Arar,عرعر,30.916667,41.5
2017-02-28 00:00:00,150.406,41081.999939999994,1213,Arar,عرعر,30.916667,41.5
2017-03-31 00:00:00,176.027,48322.56267,1286,Arar,عرعر,30.916667,41.5
2017-04-30 00:00:00,179.58,48848.20702,1286,Arar,عرعر,30.916667,41.5
2017-05-31 00:00:00,191.779,56276.95226,1298,Arar,عرعر,30.916667,41.5
2017-06-30 00:00:00,196.646,48721.5609,1313,Arar,عرعر,30.916667,41.5
2017-07-31 00:00:00,178.543,45856.10829,1312,Arar,عرعر,30.916667,41.5
2017-08-31 00:00:00,217.284,53983.440579999995,1278,Arar,عرعر,30.916667,41.5
2017-09-30 00:00:00,189.331,44795.981,1295,Arar,عرعر,30.916667,41.5
2017-10-31 00:00:00,221.954,52243.202,1319,Arar,عرعر,30.916667,41.5
2017-11-30 00:00:00,223.877,50953.44008,1309,Arar,عرعر,30.916667,41.5
2017-12-31 00:00:00,250.316,63835.3911,1333,Arar,عرعر,30.916667,41.5
2018-01-31 00:00:00,240.637,52061.268200000006,1342,Arar,عرعر,30.916667,41.5
2018-02-28 00:00:00,240.836,52786.39106,1381,Arar,عرعر,30.916667,41.5
2018-03-31 00:00:00,292.72,65843.0664,1385,Arar,عرعر,30.916667,41.5
2018-04-30 00:00:00,287.294,68836.73243,1424,Arar,عرعر,30.916667,41.5
2018-05-31 00:00:00,299.267,72004.33318,1515,Arar,عرعر,30.916667,41.5
2018-06-30 00:00:00,296.404,64290.5802899999,1511,Arar,عرعر,30.916667,41.5
2018-07-31 00:00:00,308.302,67202.89946,1524,Arar,عرعر,30.916667,41.5
2018-08-31 00:00:00,321.96,65879.52854,1544,Arar,عرعر,30.916667,41.5
2018-09-30 00:00:00,332.552,67097.57208,1590,Arar,عرعر,30.916667,41.5
2018-10-31 00:00:00,373.134,73979.55605,1652,Arar,عرعر,30.916667,41.5
2018-11-30 00:00:00,369.861,70656.2567899999,1634,Arar,عرعر,30.916667,41.5
2018-12-31 00:00:00,398.182,78155.8604300001,1665,Arar,عرعر,30.916667,41.5
2019-01-31 00:00:00,396.795,76711.73768,1726,Arar,عرعر,30.916667,41.5
2019-02-28 00:00:00,369.775,69049.6486999999,1757,Arar,عرعر,30.916667,41.5
2019-03-31 00:00:00,473.111,91264.65173,1787,Arar,عرعر,30.916667,41.5
2019-04-30 00:00:00,479.946,94528.5775700001,1872,Arar,عرعر,30.916667,41.5
2019-05-31 00:00:00,507.574,99339.48806,1906,Arar,عرعر,30.916667,41.5
2019-06-30 00:00:00,481.519,79670.02005000011,1920,Arar,عرعر,30.916667,41.5
2019-07-31 00:00:00,545.635,89837.05651999991,2025,Arar,عرعر,30.916667,41.5
2019-08-31 00:00:00,602.81,91129.78101999991,2045,Arar,عرعر,30.916667,41.5
2019-09-30 00:00:00,692.6,103649.84695,2096,Arar,عرعر,30.916667,41.5
2019-10-31 00:00:00,812.788,115674.49759999999,2185,Arar,عرعر,30.916667,41.5
2019-11-30 00:00:00,829.55,119238.79204,2242,Arar,عرعر,30.916667,41.5
2019-12-31 00:00:00,870.944,131085.50381999998,2288,Arar,عرعر,30.916667,41.5
2020-01-31 00:00:00,881.108,127304.48025,2353,Arar,عرعر,30.916667,41.5
2020-02-29 00:00:00,915.463,127138.46869,2422,Arar,عرعر,30.916667,41.5
2020-03-31 00:00:00,957.252,140473.60606,2507,Arar,عرعر,30.916667,41.5
2020-04-30 00:00:00,840.403,118809.47965000001,2598,Arar,عرعر,30.916667,41.5
2020-05-31 00:00:00,1052.919,147379.50201,2750,Arar,عرعر,30.916667,41.5
2020-06-30 00:00:00,1364.609,224989.78829,3002,Arar,عرعر,30.916667,41.5
2020-07-31 00:00:00,1640.462,168309.44913,3254,Arar,عرعر,30.916667,41.5
2020-08-31 00:00:00,1602.503,155193.06287999998,3398,Arar,عرعر,30.916667,41.5
2020-09-30 00:00:00,1830.13,175237.4735,3683,Arar,عرعر,30.916667,41.5
2020-10-31 00:00:00,1978.482,183205.3003,3997,Arar,عرعر,30.916667,41.5
2020-11-30 00:00:00,1952.554,182362.408,4206,Arar,عرعر,30.916667,41.5
2020-12-31 00:00:00,2118.612,195198.84246999898,4404,Arar,عرعر,30.916667,41.5
2021-01-31 00:00:00,2108.123,189470.25297,4575,Arar,عرعر,30.916667,41.5
2021-02-28 00:00:00,1904.992,163793.263890001,4733,Arar,عرعر,30.916667,41.5
2021-03-31 00:00:00,2473.584,222336.49102000002,4980,Arar,عرعر,30.916667,41.5
2021-04-30 00:00:00,2370.238,203988.61080000002,5216,Arar,عرعر,30.916667,41.5
2021-05-31 00:00:00,2695.213,213096.66835,5344,Arar,عرعر,30.916667,41.5
2021-06-30 00:00:00,2810.56,203059.20640999998,5512,Arar,عرعر,30.916667,41.5
2021-07-31 00:00:00,3067.289,208191.422259999,5661,Arar,عرعر,30.916667,41.5
2021-08-31 00:00:00,3174.862,213262.20106999998,5832,Arar,عرعر,30.916667,41.5
2021-09-30 00:00:00,3221.822,210724.158,5930,Arar,عرعر,30.916667,41.5
2016-01-31 00:00:00,103.794,37739.60522,904,AL-Bahah,الباحة,20.2372671,41.4615479
2016-02-28 00:00:00,102.875,37125.87882,937,AL-Bahah,الباحة,20.2372671,41.4615479
2016-03-31 00:00:00,115.407,44455.72561,965,AL-Bahah,الباحة,20.2372671,41.4615479
2016-04-30 00:00:00,117.226,42968.29664,994,AL-Bahah,الباحة,20.2372671,41.4615479
2016-05-31 00:00:00,145.208,59551.60443,1013,AL-Bahah,الباحة,20.2372671,41.4615479
2016-06-30 00:00:00,159.979,62940.10721,1002,AL-Bahah,الباحة,20.2372671,41.4615479
2016-07-31 00:00:00,168.584,56098.18381,1012,AL-Bahah,الباحة,20.2372671,41.4615479
2016-08-31 00:00:00,178.146,63016.19139,997,AL-Bahah,الباحة,20.2372671,41.4615479
2016-09-30 00:00:00,143.796,47075.133649999996,1021,AL-Bahah,الباحة,20.2372671,41.4615479
2016-10-31 00:00:00,128.638,44245.74591,1029,AL-Bahah,الباحة,20.2372671,41.4615479
2016-11-30 00:00:00,131.257,47256.0033,1048,AL-Bahah,الباحة,20.2372671,41.4615479
2016-12-31 00:00:00,141.345,46541.96832,1077,AL-Bahah,الباحة,20.2372671,41.4615479
2017-01-31 00:00:00,136.047,44068.57136,1079,AL-Bahah,الباحة,20.2372671,41.4615479
2017-02-28 00:00:00,119.324,37192.91554,1108,AL-Bahah,الباحة,20.2372671,41.4615479
2017-03-31 00:00:00,146.953,45577.973920000004,1119,AL-Bahah,الباحة,20.2372671,41.4615479
2017-04-30 00:00:00,153.36,48556.435549999995,1127,AL-Bahah,الباحة,20.2372671,41.4615479
2017-05-31 00:00:00,169.389,58405.888829999996,1161,AL-Bahah,الباحة,20.2372671,41.4615479
2017-06-30 00:00:00,203.504,60990.91025,1161,AL-Bahah,الباحة,20.2372671,41.4615479
2017-07-31 00:00:00,210.195,64774.44655,1153,AL-Bahah,الباحة,20.2372671,41.4615479
2017-08-31 00:00:00,248.524,72280.39064,1153,AL-Bahah,الباحة,20.2372671,41.4615479
2017-09-30 00:00:00,177.224,49298.66,1146,AL-Bahah,الباحة,20.2372671,41.4615479
2017-10-31 00:00:00,174.954,51519.732,1171,AL-Bahah,الباحة,20.2372671,41.4615479
2017-11-30 00:00:00,181.415,56649.306280000004,1188,AL-Bahah,الباحة,20.2372671,41.4615479
2017-12-31 00:00:00,193.525,59276.081549999995,1164,AL-Bahah,الباحة,20.2372671,41.4615479
2018-01-31 00:00:00,170.936,47198.15038,1164,AL-Bahah,الباحة,20.2372671,41.4615479
2018-02-28 00:00:00,177.593,47855.85931,1194,AL-Bahah,الباحة,20.2372671,41.4615479
2018-03-31 00:00:00,222.165,62108.63833,1211,AL-Bahah,الباحة,20.2372671,41.4615479
2018-04-30 00:00:00,223.333,64427.05827,1236,AL-Bahah,الباحة,20.2372671,41.4615479
2018-05-31 00:00:00,237.635,72788.43224,1313,AL-Bahah,الباحة,20.2372671,41.4615479
2018-06-30 00:00:00,286.014,74961.2218399999,1330,AL-Bahah,الباحة,20.2372671,41.4615479
2018-07-31 00:00:00,331.078,86748.2410500001,1343,AL-Bahah,الباحة,20.2372671,41.4615479
2018-08-31 00:00:00,342.409,83872.17129000001,1386,AL-Bahah,الباحة,20.2372671,41.4615479
2018-09-30 00:00:00,252.131,61163.59835,1448,AL-Bahah,الباحة,20.2372671,41.4615479
2018-10-31 00:00:00,265.736,63755.660189999995,1480,AL-Bahah,الباحة,20.2372671,41.4615479
2018-11-30 00:00:00,262.626,65248.1889799999,1455,AL-Bahah,الباحة,20.2372671,41.4615479
2018-12-31 00:00:00,268.737,64656.346259999904,1456,AL-Bahah,الباحة,20.2372671,41.4615479
2019-01-31 00:00:00,265.182,61501.77603,1476,AL-Bahah,الباحة,20.2372671,41.4615479
2019-02-28 00:00:00,251.298,55006.1708499999,1493,AL-Bahah,الباحة,20.2372671,41.4615479
2019-03-31 00:00:00,316.613,70247.74872,1527,AL-Bahah,الباحة,20.2372671,41.4615479
2019-04-30 00:00:00,331.143,79601.69843,1590,AL-Bahah,الباحة,20.2372671,41.4615479
2019-05-31 00:00:00,374.001,90714.58309999999,1642,AL-Bahah,الباحة,20.2372671,41.4615479
2019-06-30 00:00:00,469.628,94945.9378100001,1685,AL-Bahah,الباحة,20.2372671,41.4615479
2019-07-31 00:00:00,573.855,114599.11775,1748,AL-Bahah,الباحة,20.2372671,41.4615479
2019-08-31 00:00:00,601.793,108813.67176000001,1725,AL-Bahah,الباحة,20.2372671,41.4615479
2019-09-30 00:00:00,470.447,84797.05027000021,1745,AL-Bahah,الباحة,20.2372671,41.4615479
2019-10-31 00:00:00,519.045,88458.8155100002,1789,AL-Bahah,الباحة,20.2372671,41.4615479
2019-11-30 00:00:00,523.13,89154.79730000021,1834,AL-Bahah,الباحة,20.2372671,41.4615479
2019-12-31 00:00:00,558.053,91513.8251500002,1831,AL-Bahah,الباحة,20.2372671,41.4615479
2020-01-31 00:00:00,484.434,78267.7934500002,1926,AL-Bahah,الباحة,20.2372671,41.4615479
2020-02-29 00:00:00,574.32,83610.9104700002,1975,AL-Bahah,الباحة,20.2372671,41.4615479
2020-03-31 00:00:00,608.232,100078.16911,2006,AL-Bahah,الباحة,20.2372671,41.4615479
2020-04-30 00:00:00,574.95,99072.552,2074,AL-Bahah,الباحة,20.2372671,41.4615479
2020-05-31 00:00:00,743.054,122966.71857,2132,AL-Bahah,الباحة,20.2372671,41.4615479
2020-06-30 00:00:00,1250.334,207749.63281,2288,AL-Bahah,الباحة,20.2372671,41.4615479
2020-07-31 00:00:00,1607.701,191750.49156999998,2412,AL-Bahah,الباحة,20.2372671,41.4615479
2020-08-31 00:00:00,1572.28,175396.16966999997,2570,AL-Bahah,الباحة,20.2372671,41.4615479
2020-09-30 00:00:00,1213.141,134800.0185,2734,AL-Bahah,الباحة,20.2372671,41.4615479
2020-10-31 00:00:00,1231.329,133902.8219,2902,AL-Bahah,الباحة,20.2372671,41.4615479
2020-11-30 00:00:00,1202.444,128151.71347000099,3055,AL-Bahah,الباحة,20.2372671,41.4615479
2020-12-31 00:00:00,1247.164,125822.54387000001,3177,AL-Bahah,الباحة,20.2372671,41.4615479
2021-01-31 00:00:00,1189.203,114115.67984,3267,AL-Bahah,الباحة,20.2372671,41.4615479
2021-02-28 00:00:00,1157.722,105708.25856999999,3429,AL-Bahah,الباحة,20.2372671,41.4615479
2021-03-31 00:00:00,1525.772,146978.93203,3573,AL-Bahah,الباحة,20.2372671,41.4615479
2021-04-30 00:00:00,1540.096,148898.5599,3797,AL-Bahah,الباحة,20.2372671,41.4615479
2021-05-31 00:00:00,2077.802,192170.720810001,3911,AL-Bahah,الباحة,20.2372671,41.4615479
2021-06-30 00:00:00,2579.414,219758.58062999998,4060,AL-Bahah,الباحة,20.2372671,41.4615479
2021-07-31 00:00:00,3182.144,257636.80187999998,4158,AL-Bahah,الباحة,20.2372671,41.4615479
2021-08-31 00:00:00,2816.442,226071.37759,4308,AL-Bahah,الباحة,20.2372671,41.4615479
2021-09-30 00:00:00,2176.791,167664.602,4422,AL-Bahah,الباحة,20.2372671,41.4615479
